variable,split_importance,split_rel_0_100,permutation_importance,permutation_sd,permutation_rel_0_100
tax_rate,0.05793283411651191,100.00000000000001,-1.8749347463008215e-05,1.227935705013991e-05,0.0
te_tract,0.051989648020981646,89.74124745290798,4.677026539216811e-07,3.9345076032575726e-05,0.6634248375266428
taxamount,0.03948645286665215,68.15902150969997,7.049821282925639e-05,2.332293583716394e-05,100.0
te_regionidzip,0.037380988674807304,64.52470217429436,1.471879425579345e-05,3.752418462061799e-05,20.87825161106102
finishedsquarefeet12,0.034830920032003165,60.12293471082873,6.312159626540789e-06,1.3319823582791726e-05,8.953644884344182
calculatedfinishedsquarefeet,0.03284168003262858,56.68923423732191,-9.810558307805223e-06,1.0043210936856034e-05,0.0
tax_per_sqft,0.03171469451361211,54.743902999513104,5.865890467731533e-05,1.16862730622537e-05,83.20622938255846
structuretaxvaluedollarcnt,0.031455078692822366,54.2957705634793,1.217256793704935e-05,7.915356818693348e-06,17.266491515934995
yearbuilt,0.02929393032629021,50.56533272198556,-1.0817750507303645e-05,4.1208490018599525e-06,0.0
te_propertyzoningdesc,0.026607327124030546,45.92788792365844,-2.419065344247233e-05,1.8649294461792545e-05,0.0
taxvaluedollarcnt,0.02583842946243215,44.60066533335321,9.516785778375739e-06,1.8669082580963572e-05,13.499329126860252
te_regionidcity,0.023827408241309748,41.12936749027181,1.2767226657672132e-06,7.928214906397293e-06,1.8110000445818109
land_ratio,0.02362633703772837,40.78229107557926,-9.24136874015137e-06,8.779226552927885e-06,0.0
landtaxvaluedollarcnt,0.02193378726368652,37.86071853411189,4.465895617663737e-06,3.9476021722502364e-07,6.334764298890728
lat_sq,0.020577621482138316,35.51979079903727,1.4998553725803498e-06,3.0014789508328588e-06,2.1275083614005004
regionidneighborhood=other,0.020300400311894347,35.041269120490625,2.2887458216765827e-06,7.125345852855222e-06,3.2465302733557597
latitude,0.020008181916377855,34.53686017869987,2.8574367302754144e-06,5.785905438440708e-07,4.053204493560712
bedroomcnt,0.019982293426705374,34.49217310259306,8.341016375389143e-06,1.6503126084449482e-08,11.83152882980271
calculatedbathnbr,0.019381800831216132,33.45564070322596,-9.507632183144987e-07,6.5023932897465e-07,0.0
te_regionidneighborhood,0.0191780523979829,33.10394302376588,1.4237794972943654e-05,4.039820570752792e-06,20.195965828845868
longitude,0.01872515425696058,32.322178851636004,9.178524258928247e-06,8.35685095122371e-07,13.019513389875902
regionidcity=12447,0.018243060763229714,31.490019505243076,3.3543491252934626e-06,2.467919089072998e-06,4.75806263829347
bath_per_bed,0.01802261915424298,31.10950711991183,1.3236896159556089e-06,3.959359578840221e-06,1.8776215209334848
lon_sq,0.017385879591405376,30.01040749437474,6.927078710585247e-06,1.0214700263706106e-06,9.825892646899192
living_lot_ratio,0.01675524660235765,28.921848650905382,-1.5742968133263674e-06,6.025039743293506e-06,0.0
lat_x_lon,0.016601051231660714,28.655686338896224,3.870526602185037e-06,5.393648238524729e-07,5.4902478330327105
extra_rooms,0.01593449371956788,27.50511685225194,9.725512225954719e-07,4.229966555855877e-06,1.379540251539353
lotsizesquarefeet,0.014923335766870478,25.759719845325257,-3.510655526338044e-06,4.780261431082747e-06,0.0
airconditioningtypeid=1,0.014722993224841708,25.413901200192427,1.4189441365271976e-06,3.6193709331694413e-09,2.0127377412585177
heatingorsystemtypeid=7,0.014307222475612716,24.696223987313783,2.0904838767274794e-05,9.962562311071482e-07,29.65300527249592
buildingqualitytypeid,0.01307212311254445,22.56427345890654,1.1279775707638204e-05,1.6732301365458835e-07,16.000087456056978
te_propertycountylandusecode,0.012094085236167758,20.87604623630993,-3.551412531683368e-06,8.107821032957152e-08,0.0
taxdelinquencyyear,0.01175716287247858,20.29447212755569,-2.352372142316525e-05,6.412394497820606e-07,0.0
assessmentyear,0.011610593871047572,20.041473972595348,2.338117217320218e-07,1.1103233577350324e-08,0.3316562397096557
propertyzoningdesc=LAR1,0.009926543980592572,17.13457339343826,1.7551287776609165e-05,1.5420965340691428e-06,24.896074768757078
poolcnt,0.009728617082918842,16.792924481051774,2.1043045736735683e-05,3.623900479443609e-05,29.849048496734273
propertylandusetypeid=266,0.008306138102642163,14.33753108977412,4.723254185622083e-06,3.485525980451154e-06,6.699821167185614
heatingorsystemtypeid=missing,0.007922532100530193,13.675374632279777,8.639177911530516e-06,1.7049162347633484e-06,12.254463715916074
finishedsquarefeet12__missing,0.006838803988432754,11.804711598743573,-3.2352955434401115e-05,1.4796767641676867e-06,0.0
garagecarcnt,0.005545126857309852,9.571647826097617,-1.1938427477200739e-05,3.1359610090011397e-06,0.0
regionidneighborhood=118208,0.005379746137657948,9.286178071037307,2.0244650506979003e-05,2.2752539814482192e-06,28.716544284619907
propertycountylandusecode=0101,0.005166621875466697,8.918296427680062,-5.061416911200656e-06,8.596227962232028e-07,0.0
threequarterbathnbr,0.005147962833362047,8.886088367450995,-3.812049526267375e-06,1.6172653439713858e-06,0.0
numberofstories__missing,0.005114080106236434,8.827602143460178,9.241331943589046e-06,5.86709606586501e-06,13.108604562744237
pooltypeid7,0.005017842139423605,8.661482242232353,-2.586673144431423e-06,1.0187532983228775e-05,0.0
propertycountylandusecode=010C,0.0049101635449271975,8.475614251931983,4.53354740023032e-06,9.937881741556298e-07,6.430726706803724
buildingqualitytypeid__missing,0.0043710907275061,7.545100795026115,6.139047318507243e-06,1.4394617959320039e-06,8.708089286427372
garagetotalsqft,0.0043540022060714854,7.515603668404885,5.983330177363952e-06,6.20996843155551e-06,8.487208309599731
regionidneighborhood=268496,0.003883398143018328,6.703276651731231,-8.614462714447157e-07,1.8995844169797382e-06,0.0
living_lot_ratio__missing,0.00384608241616558,6.638864600393124,8.484353274003376e-07,3.0097144666195452e-06,1.2034848733757422
propertycountylandusecode=122,0.0037564787230781617,6.484196363539372,1.0629754080086415e-05,3.2255969313211424e-06,15.078047589420766
propertyzoningdesc=LAR2,0.00373793608004517,6.4521892240376175,-6.0771477058477186e-06,4.2525480294444695e-07,0.0
regionidcounty=1286,0.003611313420498968,6.233621184898459,-3.356527856837599e-07,9.838502777644031e-07,0.0
finishedsquarefeet15,0.0034970804431424633,6.036439432790899,-8.451706052566704e-06,2.885492040870935e-06,0.0
unitcnt,0.0034287812488837505,5.918545676512114,-4.601567613071039e-06,1.2096786543708271e-06,0.0
numberofstories,0.003411924004175818,5.889447765172182,-4.85815064878159e-07,3.715722019029255e-07,0.0
fireplacecnt,0.0033555698574137456,5.792172795594937,-5.30887243811555e-06,1.5647379872068407e-06,0.0
finishedsquarefeet15__missing,0.0031457773332350114,5.430042188007522,-2.7662449675336376e-06,4.831838073988959e-07,0.0
propertyzoningdesc=missing,0.003065809602812699,5.292006941429589,3.5178117927647107e-06,2.9319882835308203e-06,4.989930455804175
propertycountylandusecode=34,0.002759469052999598,4.763221228655719,5.5990535843108286e-06,2.410963212696668e-06,7.942121310041565
regionidcity=46298,0.002663408839929284,4.597408154713708,-9.830446863357684e-07,1.7332339570345912e-07,0.0
propertylandusetypeid=246,0.0024152180975789456,4.1689969676290435,-2.0689450548234956e-06,1.0586229732059693e-06,0.0
propertyzoningdesc=LAR3,0.0024011476920625676,4.144709522122614,2.084069928950938e-06,6.01011080424152e-07,2.956202498350511
propertycountylandusecode=0200,0.002287159307627517,3.9479499708708974,-3.7431584654946948e-06,6.97287723745027e-07,0.0
tract=missing,0.0022566711710509404,3.895323274729534,3.6644368713572434e-06,5.828433778954853e-06,5.1979145630717625
propertycountylandusecode=other,0.0021583092881135753,3.725537203605266,5.651724826182328e-06,8.368050120489273e-07,8.016834185386458
regionidcity=5534,0.0020954781940788854,3.6170821366421566,2.877142315001885e-06,6.134513839267663e-08,4.081156386148679
propertycountylandusecode=1110,0.002088703924153921,3.605388819668676,2.9124099327672986e-06,2.587922496044906e-06,4.131182644049472
propertylandusetypeid=248,0.0019377491327874316,3.3448201910687088,3.8316677618277506e-07,1.1438248989636968e-07,0.5435127513243326
propertyzoningdesc=LARD1.5,0.0019244344624803774,3.32183724795863,3.148709460606275e-06,2.6463902139013673e-06,4.466367776204927
regionidcity=47568,0.00187576004061422,3.2378185345494677,-3.7830858211716084e-06,7.006248672457999e-07,0.0
regionidcity=40227,0.0017559612673206534,3.0310294569555207,4.4735947734436676e-07,4.812627289428606e-07,0.6345685364079399
finishedfloor1squarefeet__missing,0.0017004402853201686,2.9351926437783447,5.337125046200181e-07,3.833523273318734e-07,0.7570582050252062
hashottuborspa,0.0016957983731540301,2.9271800681173596,1.2735564990882034e-05,2.286782259301387e-06,18.06508914165955
propertylandusetypeid=other,0.0016703303780936948,2.883218823257294,2.0239487087941183e-05,2.5391721744719153e-06,28.70922010031707
propertylandusetypeid=269,0.0015906639848801702,2.7457037259407997,-1.5600079518972298e-07,2.0555316779715532e-06,0.0
propertycountylandusecode=1111,0.0015716823146370378,2.712938765391904,1.9048336888684292e-06,4.5324172761110337e-07,2.701960251789437
heatingorsystemtypeid=24,0.0015013754713813364,2.5915795321903943,3.4914489762238182e-06,1.7272551054037938e-06,4.952535441827378
yardbuildingsqft17,0.001500129862312925,2.589429440472274,-5.937864662013126e-07,7.266931020336043e-07,0.0
regionidcity=53571,0.0014618973219028939,2.5234348434650924,-4.058648133839493e-06,1.0723013290220296e-06,0.0
propertycountylandusecode=0400,0.0014052861269860685,2.4257161735947883,-2.9379329412118627e-06,5.830739356893488e-07,0.0
propertyzoningdesc=LARS,0.001322840645214054,2.2834039890981623,-5.108270173179164e-07,3.270016702104639e-07,0.0
pooltypeid2,0.001292225966687973,2.230558864234238,6.455124454515099e-06,7.936380444807656e-07,9.156437015146937
regionidcity=13150,0.0011714507791623617,2.022084362050012,-6.9577611962398644e-06,4.2533177713882653e-07,0.0
regionidcity=52650,0.0011648419416567114,2.0106766040722843,2.2002299554478577e-06,2.528489058128969e-07,3.120972670295514
regionidcity=47019,0.0011543389208628376,1.9925469528062154,-3.980251690911818e-08,2.761444318367251e-07,0.0
propertycountylandusecode=1,0.0011403764527753305,1.9684458220736392,3.1896514349274985e-06,3.9850595441245917e-07,4.524442970849057
propertylandusetypeid=247,0.0011083167917263854,1.913106459624241,-1.5260278612927447e-05,1.1694042652901637e-06,0.0
propertycountylandusecode=010D,0.001092416526352878,1.8856604255815608,1.311916221321402e-06,1.442439778554655e-06,1.8609212470375753
regionidcity=45457,0.0010579757194898445,1.8262108795887517,-3.604861114475666e-10,4.721989885388134e-08,0.0
regionidcity=missing,0.001008862258348252,1.7414343243060986,9.024394251096884e-07,1.0999453332240922e-06,1.2800883723043555
airconditioningtypeid=13,0.0009994359337521564,1.7251631980271083,-1.2004216898269665e-06,1.57007340529855e-07,0.0
propertyzoningdesc=PSR6,0.0009521693731348266,1.643574645804254,-1.579764271548642e-06,5.227231254598813e-07,0.0
regionidcity=24832,0.000897714584478404,1.54957822825129,1.772054634194796e-05,8.288139734472649e-07,25.136163926405274
propertycountylandusecode=0300,0.0008671626771220318,1.4968414550167413,-8.660964068225169e-06,6.742799653347564e-07,0.0
regionidcity=16764,0.000862900024873145,1.4894835338760042,9.376326205734475e-08,3.560026939908312e-08,0.13300090639806048
propertyzoningdesc=LBR1N,0.0008604934718180573,1.4853294939575572,8.649962988192123e-07,4.31921230911389e-07,1.2269762084809097
regionidzip=97318,0.0008438847575302944,1.4566605801351118,1.0311951513884005e-06,2.040841187312542e-07,1.4627252379942033
propertyzoningdesc=LARA,0.000814375141248614,1.405722943936731,-8.40439694239567e-07,4.471859266132888e-07,0.0
regionidneighborhood=51906,0.0008064309996053072,1.3920102682762758,2.4488407988146332e-06,6.469730101307802e-08,3.473621104049289
regionidzip=96193,0.0007837442926949438,1.3528499073922615,-1.3475236296592308e-07,1.719554727740158e-07,0.0
regionidzip=97329,0.0007669651415185669,1.3238867961751726,-1.922026335518523e-07,1.1601587584370021e-07,0.0
regionidcity=54311,0.000749594236027081,1.293902236026518,-5.778174933558644e-07,7.744244360369246e-08,0.0
propertyzoningdesc=LARE11,0.0006981250467077427,1.2050593715192752,2.3590818430153926e-06,7.248070736307066e-08,3.3463002086719364
regionidcity=34278,0.0006746577158089202,1.1645515468000047,1.8742464396627467e-07,2.709637055963582e-07,0.26585729828387145
regionidcity=51239,0.0006361698631079761,1.0981162458383098,3.917850347806909e-06,1.6832390100328387e-07,5.557375415027573
regionidzip=96368,0.0005757234886305725,0.9937775311884507,1.1346458742029358e-06,1.5011802972243055e-06,1.6094675718248332
regionidzip=97319,0.0005332009738814921,0.9203778513737862,9.70123017359631e-07,9.729427871002505e-09,1.376095901479413
propertyzoningdesc=LCR1YY,0.0005218577517671907,0.9007978976441131,2.0964704059277944e-06,1.2293029220435125e-07,2.9737922732954303
regionidneighborhood=27080,0.0004837951257407543,0.835096596116405,4.479814111994773e-07,2.1837610523003925e-07,0.6354507344526149
pooltypeid10,0.0004609364690962,0.795639426459243,1.25357921833269e-06,2.3322797028033082e-07,1.7781716273699084
poolsizesum,0.00045991902403344026,0.7938831770399353,-1.0442052691111287e-06,1.500213604559153e-08,0.0
regionidneighborhood=47950,0.0004191745014743211,0.7235525550697144,2.8301827673105073e-07,2.8980654192406474e-07,0.4014545410058957
regionidneighborhood=48200,0.00036030942892726486,0.6219433839584418,-2.535632380399472e-06,1.3615191112384406e-07,0.0
regionidneighborhood=274514,0.0003093178684616013,0.5339249722178534,4.437086647667704e-07,4.01828335086854e-07,0.6293899475741513
propertyzoningdesc=LKR1YY,0.0002729642460419722,0.47117364479873164,1.2177936003013312e-07,3.0072549693505035e-08,0.1727410598692444
propertyzoningdesc=LARD3,0.00022102076315727053,0.38151208468890635,6.09434535944059e-08,2.0722129230425768e-07,0.0864468064488504
architecturalstyletypeid=other,5.1877763889656396e-05,0.08954812013049833,-2.825327342134004e-07,4.235220494620828e-08,0.0
airconditioningtypeid=other,4.6711399390357856e-05,0.08063026796930733,-5.562236454412228e-09,1.1185712535041747e-08,0.0
fireplaceflag,2.6335737989519373e-05,0.04545908790955078,8.312080109276754e-09,1.93409149928242e-08,0.011790483440208974
