mean_fit_time,std_fit_time,mean_score_time,std_score_time,param_lda__shrinkage,params,split0_test_score,split1_test_score,split2_test_score,split3_test_score,split4_test_score,split5_test_score,split6_test_score,split7_test_score,split8_test_score,split9_test_score,split10_test_score,split11_test_score,split12_test_score,split13_test_score,split14_test_score,mean_test_score,std_test_score,rank_test_score,cv_loss,cv_se,complexity,selected_one_se,cv_minimum
6.744233719507853,0.6206577063816708,0.0029061158498128255,0.00048633808168226816,0.01,{'lda__shrinkage': 0.01},0.9230769230769231,1.0,1.0,1.0,1.0,0.9230769230769231,1.0,1.0,1.0,1.0,1.0,1.0,1.0,1.0,0.9166666666666666,0.9841880341880341,0.031652793482292656,1,0.015811965811965808,0.0184371942441576,-0.01,False,True
3.765181032816569,1.0019101690966006,0.002387269337972005,0.0003583188001806682,0.03,{'lda__shrinkage': 0.03},0.9230769230769231,1.0,1.0,1.0,1.0,0.9230769230769231,1.0,1.0,1.0,1.0,1.0,1.0,1.0,1.0,0.9166666666666666,0.9841880341880341,0.031652793482292656,1,0.015811965811965808,0.0184371942441576,-0.03,False,False
2.951123062769572,0.11305928558312917,0.0020164330800374348,0.00037896864132935375,0.1,{'lda__shrinkage': 0.1},0.9230769230769231,1.0,1.0,1.0,1.0,0.9230769230769231,1.0,1.0,1.0,1.0,1.0,1.0,1.0,1.0,0.9166666666666666,0.9841880341880341,0.031652793482292656,1,0.015811965811965808,0.0184371942441576,-0.1,False,False
2.89915018081665,0.17460297827812404,0.001946258544921875,0.0003163357282172979,0.2,{'lda__shrinkage': 0.2},0.9230769230769231,1.0,1.0,1.0,1.0,0.9230769230769231,1.0,1.0,1.0,1.0,1.0,1.0,1.0,1.0,0.9166666666666666,0.9841880341880341,0.031652793482292656,1,0.015811965811965808,0.0184371942441576,-0.2,False,False
2.8541825294494627,0.11601648413762802,0.0021070162455240887,0.0004172600225432244,0.4,{'lda__shrinkage': 0.4},0.9230769230769231,1.0,1.0,1.0,1.0,0.9230769230769231,1.0,1.0,1.0,1.0,1.0,1.0,1.0,1.0,0.9166666666666666,0.9841880341880341,0.031652793482292656,1,0.015811965811965808,0.0184371942441576,-0.4,False,False
2.6784035682678224,0.1967224775262485,0.0019068082173665365,0.00030571640659613446,0.6,{'lda__shrinkage': 0.6},0.9230769230769231,1.0,1.0,1.0,1.0,0.9230769230769231,1.0,1.0,1.0,1.0,1.0,1.0,1.0,1.0,0.9166666666666666,0.9841880341880341,0.031652793482292656,1,0.015811965811965808,0.0184371942441576,-0.6,False,False
2.366400655110677,0.11096620298844946,0.0019037882486979167,0.0004478585429322887,0.8,{'lda__shrinkage': 0.8},0.9230769230769231,1.0,1.0,1.0,1.0,0.9230769230769231,1.0,1.0,1.0,1.0,1.0,1.0,1.0,1.0,0.9166666666666666,0.9841880341880341,0.031652793482292656,1,0.015811965811965808,0.0184371942441576,-0.8,False,False
3.0176392078399656,0.8200485984786524,0.0021764437357584634,0.0005743715505268983,0.95,{'lda__shrinkage': 0.95},0.9230769230769231,1.0,1.0,1.0,1.0,0.9230769230769231,1.0,1.0,1.0,1.0,1.0,1.0,1.0,1.0,0.9166666666666666,0.9841880341880341,0.031652793482292656,1,0.015811965811965808,0.0184371942441576,-0.95,True,False
3.4441484292348226,2.866456119408503,0.002363697687784831,0.0020835260542290037,1.0,{'lda__shrinkage': 1.0},0.8461538461538461,1.0,0.8461538461538461,1.0,1.0,0.8461538461538461,0.9230769230769231,0.8461538461538461,0.9166666666666666,1.0,0.8461538461538461,0.9230769230769231,1.0,0.8333333333333334,0.9166666666666666,0.9162393162393163,0.06663652616931498,9,0.08376068376068375,0.0388146018589751,-1.0,False,False
