frac,J,k,M,complexity,cv_mse,cv_se,val_mse_tuning_fit,is_cv_min,is_one_se,is_one_se_plain
1.0,4,239,2,8.0,0.025553028185100746,0.001954067428488855,0.02567217474501464,True,True,True
1.0,4,239,5,20.0,0.02564722532950221,0.0019833703265356344,0.02584252067383649,False,False,False
1.0,4,239,10,40.0,0.02577334535902771,0.001991038040625303,0.02592891360335912,False,False,False
1.0,4,239,20,80.0,0.02597002410878877,0.0020319823556629074,0.02617972035249697,False,False,False
1.0,4,239,40,160.0,0.026398901704441695,0.0019969728285992583,0.026682550177879218,False,False,False
1.0,4,239,80,320.0,0.027266134218799632,0.002023474828332857,0.027121664923363677,False,False,False
1.0,6,239,2,12.0,0.025583390108627303,0.0019472974094386821,0.02566073496191862,False,False,False
1.0,6,239,5,30.0,0.02573788107098255,0.0019514218487934121,0.02583585150694058,False,False,False
1.0,6,239,10,60.0,0.02587694385007805,0.0019097977271453205,0.026069145419820333,False,False,False
1.0,6,239,20,120.0,0.026195465372489134,0.0018761473620746596,0.026196504133158008,False,False,False
1.0,6,239,40,240.0,0.026728542478561417,0.001885547562588327,0.02677880501111743,False,False,False
1.0,6,239,80,480.0,0.027574922284835723,0.0019274312808165123,0.027825458203063945,False,False,False
1.0,8,239,2,16.0,0.02560221647382766,0.001964619346894923,0.025689192761531948,False,False,False
1.0,8,239,5,40.0,0.025775177735340892,0.0019463106060082724,0.025813459945658476,False,False,False
1.0,8,239,10,80.0,0.026077320949788187,0.0019085492505390418,0.02593677844339128,False,False,False
1.0,8,239,20,160.0,0.026375582680487775,0.0019312355734660076,0.026275589250245354,False,False,False
1.0,8,239,40,320.0,0.027244219970214412,0.0019493453631296263,0.026943022165240242,False,False,False
1.0,8,239,80,640.0,0.028470317003264706,0.0019281607709423663,0.028097608596993947,False,False,False
0.5,8,120,2,500016.0,0.02561616645420576,0.0019631150976847493,0.02568919276153195,False,False,False
0.5,8,120,5,500040.0,0.02580851609407177,0.001966682092587328,0.025811400849137318,False,False,False
0.5,8,120,10,500080.0,0.026093389108697372,0.0018741420591983345,0.02603535771092474,False,False,False
0.5,8,120,20,500160.0,0.026463463637945696,0.0018164249768894978,0.026430200983036025,False,False,False
0.5,8,120,40,500320.0,0.02704236932439774,0.0018167257389235705,0.026891825414065252,False,False,False
0.5,8,120,80,500640.0,0.028342907887998602,0.0020068795001229613,0.027876526734496306,False,False,False
0.25,6,60,2,750012.0,0.025578863788021357,0.0019391813595093928,0.02567054381036018,False,False,False
0.25,6,60,5,750030.0,0.025657503067620525,0.0019697879319437047,0.025780691943156384,False,False,False
0.25,6,60,10,750060.0,0.02582389183493149,0.0019872381035480266,0.026109001137145177,False,False,False
0.25,6,60,20,750120.0,0.02606064705889328,0.001929418939600331,0.026275286501723304,False,False,False
0.25,6,60,40,750240.0,0.02660617537966516,0.00200275527622226,0.026597879382704245,False,False,False
0.25,6,60,80,750480.0,0.027222541974985477,0.001971198693421072,0.02722397250803159,False,False,False
0.25,8,60,2,750016.0,0.025606374362290057,0.0019601926494274787,0.025673903078540894,False,False,False
0.25,8,60,5,750040.0,0.02574429768724378,0.002003748790455102,0.0258255495310381,False,False,False
0.25,8,60,10,750080.0,0.02604069175585444,0.002026137755908929,0.025981533312078375,False,False,False
0.25,8,60,20,750160.0,0.026425742574458407,0.002006680230942151,0.026339337389510185,False,False,False
0.25,8,60,40,750320.0,0.02707559546792193,0.002042431406438744,0.026845820378707738,False,False,False
0.25,8,60,80,750640.0,0.028247473757050993,0.0021244733913721014,0.027803320891055604,False,False,False
