feature,n,skew,min,p99.9,max,pct_beyond_1.5IQR,spearman_with_logerror
unitcnt,13388,36.58691409818248,1.0,4.0,45.0,0.0,-0.012568000964197476
lotsizesquarefeet,18415,27.659353635717846,435.0,1390844.0440007169,6971010.0,16.356231333152323,0.014974638477154117
landtaxvaluedollarcnt,20651,13.439042487299933,22.0,4464140.5500000315,17801900.0,5.757590431456104,0.016821694846259633
taxvaluedollarcnt,20651,12.96984196380748,22.0,6014666.9000000395,27750000.0,6.517844172195051,0.028817847070464527
threequarterbathnbr,2666,12.902089137491208,1.0,2.0,3.0,0.0,0.02355386635963325
taxamount,20648,12.202113705095744,64.0,73565.55054000109,321936.09,6.964354901201085,0.0017295809992231913
structuretaxvaluedollarcnt,20557,10.516478741178773,101.0,2161596.9120000754,9948100.0,6.659532032884176,0.0371022395827086
yardbuildingsqft17,579,3.2532032274270852,42.0,2084.972000000026,2678.0,4.8359240069084635,-0.06530043950652017
finishedsquarefeet12,19578,3.0094613556556005,40.0,8386.033000000178,20013.0,5.245683930942895,0.07459152008742403
calculatedfinishedsquarefeet,20499,2.87114091549461,40.0,8391.642000000287,20013.0,5.336845699790234,0.06865333557753392
fireplacecnt,2131,2.7027447928304458,1.0,4.0,5.0,0.0,0.06633092257515402
garagecarcnt,6804,2.224153085215854,0.0,5.197000000001026,14.0,0.0,0.04084051124654147
assessmentyear,20651,2.2054197501576,2015.0,2016.0,2016.0,0.0,0.024155550384518713
finishedsquarefeet50,1538,2.002999984600106,49.0,5202.725000000015,6572.0,4.551365409622886,-0.040552787791399425
finishedfloor1squarefeet,1538,1.9484464253309135,49.0,5118.596000000018,6572.0,4.486345903771132,-0.03981505632904735
finishedsquarefeet15,813,1.6888099867452273,609.0,7497.176000000367,10422.0,5.043050430504305,0.017054076978894033
fullbathcnt,20384,1.5889161455319247,1.0,8.0,15.0,2.5559262166405023,0.05351697330091766
roomcnt,20651,1.5334921680636342,0.0,11.0,13.0,0.0,0.014284309363268393
calculatedbathnbr,20384,1.5205356759189932,1.0,8.0,15.0,2.5804552590266874,0.05741442769231986
bathroomcnt,20651,1.3155150671727407,0.0,8.0,15.0,3.8254806062660407,0.05734115533175766
finishedsquarefeet6,106,0.8767115658314965,520.0,6330.335000000001,6338.0,1.8867924528301887,-0.041485497210992484
bedroomcnt,20651,0.8223688339448901,0.0,10.0,16.0,0.4939228124546027,0.03616259193650401
numberofstories,4722,0.7521803773769797,1.0,3.0,3.0,0.0,0.043435270012982974
garagetotalsqft,6804,0.6960539100737155,0.0,1515.3490000000174,4384.0,0.30864197530864196,0.04364408166615099
poolsizesum,218,0.6117435793543916,91.0,1165.9670000000037,1220.0,1.834862385321101,-0.07135271383742316
latitude,20651,0.2602136141848246,33339830.0,34714659.45,34813287.0,0.1743256985133892,-0.01383981024767237
poolcnt,4160,0.0,1.0,1.0,1.0,0.0,
buildingqualitytypeid,13165,-0.19317454579980742,1.0,12.0,12.0,0.24306874287884545,-0.024126959036897468
yearbuilt,20482,-0.2908302751132928,1885.0,2014.0,2016.0,0.14647007128210135,0.04827577150764513
longitude,20651,-0.651278355083467,-119447865.0,-117571697.89999999,-117557020.0,2.8521621228996175,0.008362363538417506
taxdelinquencyyear,474,-1.7337482328722293,6.0,15.0,15.0,4.852320675105485,0.022028823860141978
