k,R,eps,complexity,cv_neg_auc,cv_se,cv_auc,val_auc_tuning_fit,cv_error_pooled_youden,cv_auc_lvq,cv_auc_kmeans_start,cv_auc_gain_over_kmeans,is_cv_min,is_one_se,is_one_se_plain
3,2,0.01,6.0,-0.47693577692416184,0.009493719414486576,0.47693577692416184,0.48114891081004096,0.1028,0.47693577692416184,0.5528361527548472,-0.07590037583068537,False,False,False
3,3,0.03,9.0,-0.48302650173258216,0.015255595760014303,0.48302650173258216,0.5118787247752344,0.21835,0.48302650173258216,0.5361481917815037,-0.053121690048921574,False,False,False
3,8,0.03,24.0,-0.49701464882369695,0.017496770241280813,0.49701464882369695,0.5210245741830039,0.23385,0.49701464882369695,0.5302358413601808,-0.0332211925364838,False,False,False
3,8,0.1,24.0,-0.4682140990434155,0.008784684561399126,0.4682140990434155,0.4492987950741014,0.10765,0.4682140990434155,0.5302358413601808,-0.06202174231676526,False,False,False
5,2,0.01,10.0,-0.511766902010238,0.007295405111402617,0.511766902010238,0.5300585731708329,0.31555,0.511766902010238,0.5829115954413591,-0.0711446934311212,False,False,False
5,12,0.01,60.0,-0.5608321649119605,0.005929032916528103,0.5608321649119605,0.5433925978777596,0.2076,0.5608321649119605,0.5423552056283342,0.01847695928362634,False,False,False
8,8,0.01,64.0,-0.5173991078515151,0.014192967213241191,0.5173991078515151,0.5458660283905652,0.22815,0.5173991078515151,0.5929746763680209,-0.07557556851650585,False,False,False
12,5,0.1,60.0,-0.6038266145647526,0.010368304871840907,0.6038266145647526,0.5414243125672361,0.3334,0.6038266145647526,0.6331544058473614,-0.02932779128260863,False,False,False
12,12,0.03,144.0,-0.5154180459569855,0.013697898179831884,0.5154180459569855,0.5289432492899593,0.17135,0.5154180459569855,0.6086792275421116,-0.09326118158512604,False,False,False
12,20,0.01,240.0,-0.6121128653563754,0.0071707336628268024,0.6121128653563754,0.5749705336574493,0.2916,0.6121128653563754,0.6012692236427645,0.010843641713610918,False,False,False
20,3,0.1,60.0,-0.7140536893077691,0.005407759054319181,0.7140536893077691,0.7040423784357811,0.3059,0.7140536893077691,0.6398152373208996,0.07423845198686947,False,False,False
20,5,0.03,100.0,-0.6164268983044755,0.0176420055124249,0.6164268983044755,0.5537508676738597,0.31815,0.6164268983044755,0.6289132436760058,-0.012486345371530327,False,False,False
20,5,0.1,100.0,-0.674779382686346,0.00792926135738962,0.674779382686346,0.6176335111546215,0.31105,0.674779382686346,0.6289132436760058,0.04586613901034018,False,False,False
20,8,0.01,160.0,-0.592395028747314,0.008692606892420062,0.592395028747314,0.5946347473306065,0.2285,0.592395028747314,0.6708226516113153,-0.07842762286400126,False,False,False
20,8,0.1,160.0,-0.6167219765541387,0.010312275991353995,0.6167219765541387,0.6168464238009508,0.25405,0.6167219765541387,0.6708226516113153,-0.0541006750571766,False,False,False
40,3,0.1,120.0,-0.7603240053208111,0.00655240394899944,0.7603240053208111,0.7578971457332571,0.25165,0.7603240053208111,0.7052628740676827,0.05506113125312846,True,True,True
