group,method,regime,passes,val_acc,test_acc,test_acc_se,test_auc,test_loss,diagnosis
reference,baseline,full labels,20.0,0.9807019298070193,0.9823,0.0013185867434492146,0.9997742727929205,0.055838555097579956,healthy
update rules,batch_gd,full labels,100.0,0.9145085491450855,0.9238,0.002653178471192619,0.9947431656765005,0.2669047713279724,healthy
update rules,sgd,full labels,20.0,0.9789021097890211,0.9803,0.001389672983115094,0.9996875045166396,0.08334267139434814,healthy
update rules,momentum,full labels,20.0,0.9823017698230176,0.9806,0.0013792621215708047,0.9997132014244509,0.09351065754890442,healthy
update rules,nesterov,full labels,20.0,0.9787021297870213,0.9791,0.0014304960678030551,0.999676607716753,0.09152881056070328,healthy
update rules,lr_decay,full labels,20.0,0.9755024497550245,0.978,0.001466833323864713,0.9996116358644389,0.07238247245550156,healthy
adaptive learning rate,adagrad,full labels,20.0,0.9786021397860214,0.9822,0.0013222390101642,0.9997294677784208,0.05906914547085762,healthy
adaptive learning rate,rmsprop,full labels,20.0,0.9788021197880212,0.9801,0.0013965668619869236,0.9996743215420976,0.068882055580616,healthy
adaptive learning rate,rmsprop_nesterov,full labels,20.0,0.9786021397860214,0.9764,0.0015179934123704213,0.9994739867557065,0.15974092483520508,overfitting
adaptive learning rate,adam,full labels,20.0,0.9756024397560243,0.9764,0.0015179934123704213,0.9996398411037379,0.11021251231431961,overfitting
second-order,newton,full labels,437.33877344214716,0.9768023197680232,0.9773,0.0014894532553927314,0.9996514201470837,0.11280841380357742,overfitting
second-order,conjugate_gradients,full labels,214.0,0.9784021597840216,0.9791,0.0014304960678030551,0.9996802045014792,0.0673651471734047,healthy
second-order,bfgs,reduced network 784-8-10 (dense n x n matrix),136.0,0.8388161183881612,0.8477,0.003593114387269072,0.9800169629614766,0.5248916149139404,underfitting
second-order,lbfgs,full labels,129.0,0.9745025497450255,0.9737,0.0016002596664291702,0.999536925272475,0.08740340173244476,healthy
initialization,init_random,full labels,20.0,0.9816018398160185,0.9822,0.0013222390101642,0.9997469287340032,0.07347864657640457,healthy
initialization,init_fixed_scale,full labels,20.0,0.9826017398260174,0.9842,0.001247010825935366,0.9997750329212621,0.07594767212867737,healthy
initialization,init_glorot,full labels,20.0,0.9827017298270173,0.9819,0.0013331312763565336,0.9997821495198659,0.0764915943145752,healthy
initialization,init_orthogonal,full labels,20.0,0.9811018898110189,0.9801,0.0013965668619869236,0.9997786933958046,0.07976490259170532,healthy
initialization,init_random_walk,full labels,20.0,0.9801019898010199,0.9813,0.001354633160674876,0.9997619434076228,0.06655201315879822,healthy
initialization,init_sparse,full labels,20.0,0.982001799820018,0.9829,0.00129644089722594,0.9997300620861088,0.09176235646009445,healthy
initialization,init_scale_search,full labels,20.0,0.9814018598140186,0.984,0.0012547509713086503,0.9997582541812804,0.059843193739652634,healthy
initialization,bias_zero,full labels,20.0,0.9807019298070193,0.9823,0.0013185867434492146,0.9997742727929205,0.055838555097579956,healthy
initialization,bias_output_marginal,full labels,20.0,0.9793020697930207,0.9809,0.0013687655021953178,0.9997233631590017,0.06854946911334991,healthy
initialization,bias_relu_positive,full labels,20.0,0.9812018798120188,0.9834,0.0012776713192366787,0.9998029922296057,0.05293140932917595,healthy
initialization,bias_gate,gated hidden layers,20.0,0.9806019398060194,0.9812,0.0013581811366677142,0.9997668273823141,0.05840040743350983,healthy
initialization,variance_precision,Gaussian-output model (squared error + learned precision),20.0,0.982001799820018,0.9809,0.0013687655021953178,0.9926503329278538,3.8827781677246094,overfitting
initialization,init_unsupervised_pretrain,full labels,20.0,0.9789021097890211,0.9806,0.0013792621215708047,0.9996845627780229,0.07346141338348389,healthy
initialization,init_supervised_pretrain,full labels,20.0,0.9798020197980202,0.9771,0.0014958472515601328,0.9995732764533443,0.1040765717625618,healthy
gradient clipping,clip_value,full labels,20.0,0.9814018598140186,0.9823,0.0013185867434492146,0.9997589704668375,0.056663013994693756,healthy
gradient clipping,clip_norm,full labels,20.0,0.982001799820018,0.9834,0.0012776713192366787,0.9997507014508225,0.05577084794640541,healthy
gradient clipping,clip_backprop,full labels,20.0,0.9815018498150185,0.9806,0.0013792621215708047,0.999728821417478,0.08489720523357391,healthy
meta-algorithms,batch_norm,BatchNorm before each ReLU,20.0,0.9843015698430156,0.9824,0.0013149235719234769,0.9998138644704762,0.06282735615968704,healthy
meta-algorithms,coordinate_descent,full labels,20.0,0.9753024697530247,0.9783,0.0014570212764403975,0.9996343163145915,0.07621242851018906,healthy
meta-algorithms,polyak_averaging,full labels,20.0,0.981001899810019,0.9829,0.00129644089722594,0.9997823742003147,0.05517338216304779,healthy
meta-algorithms,greedy_pretraining,full labels,20.0,0.9802019798020198,0.9811,0.0013617191340360914,0.9996934641931088,0.06236245855689049,healthy
meta-algorithms,design_activations,full labels,20.0,0.9808019198080192,0.9812,0.0013581811366677142,0.9997300361219368,0.08480880409479141,healthy
meta-algorithms,design_skip,"deep MLP, 3 equal-width layers",20.0,0.9784021597840216,0.9777,0.0014765740753514532,0.9996481385634877,0.09368212521076202,healthy
meta-algorithms,design_aux_heads,"deep MLP, 6 layers, heads discarded after training",20.0,0.9829017098290171,0.984,0.0012547509713086503,0.999680796501688,0.1073860377073288,overfitting
meta-algorithms,continuation,full labels,20.0,0.9836016398360165,0.9838,0.001262440493647126,0.9997924704455631,0.06237604469060898,healthy
meta-algorithms,curriculum,full labels,20.0,0.9807019298070193,0.9811,0.0013617191340360914,0.9997311740393391,0.06797660887241364,healthy
