key,logloss_minus_best,paired_se,p,p_holm
rich/l1_logistic,0.0,0.0,1.0,
rich/reduced_rank_lda,0.0022668714700114466,0.0007632807777395158,0.002978917644517187,0.011915670578068749
rich/lda,0.002266871470011453,0.0007632807777395163,0.002978917644517187,0.011915670578068749
rich/rda,0.002266871470011453,0.0007632807777395163,0.002978917644517187,0.011915670578068749
rich/logistic,0.0005032835374789361,0.00048371536586556946,0.29812907258267796,0.29812907258267796
lean/rda,0.013012498340944662,0.0013386127238535276,0.0,0.0
lean/l1_logistic,0.024208431295575157,0.0014866263231899054,0.0,0.0
lean/reduced_rank_lda,0.024262879761609193,0.0015886399009268318,0.0,0.0
lean/lda,0.024262879761609197,0.0015886399009268322,0.0,0.0
lean/logistic,0.02414042030040577,0.0015669227385003374,0.0,0.0
lean/qda,0.045881117109472166,0.002667570286777063,0.0,0.0
rich/qda,0.3875924453268785,0.01283467118779462,0.0,0.0
