feature,coef
var_0__rankgauss,0.020370135913350813
var_1__rankgauss,0.046522463245933614
var_2__rankgauss,0.011296903984249417
var_3__rankgauss,0.039868872717412795
var_4__rankgauss,0.02741011240930867
var_5__rankgauss,0.029572660835400246
var_6__rankgauss,0.052644277858903854
var_7__rankgauss,-0.02000006296256875
var_8__rankgauss,0.03331841142428838
var_9__rankgauss,-0.03419517887905858
var_10__rankgauss,-0.004128156965363271
var_11__rankgauss,0.057761266484494
var_12__rankgauss,-0.022559432601654033
var_13__rankgauss,-0.04478829431920526
var_14__rankgauss,-0.02136583876649362
var_15__rankgauss,0.03579225338394048
var_16__rankgauss,0.018017207859594424
var_17__rankgauss,0.00901660469235301
var_18__rankgauss,0.026340302082260243
var_19__rankgauss,0.027488407505528095
var_20__rankgauss,-0.0379854769923764
var_21__rankgauss,-0.0191937285190043
var_22__rankgauss,0.02656255441218048
var_23__rankgauss,-0.06388659391489679
var_24__rankgauss,0.03129081463913554
var_25__rankgauss,0.057705036435020556
var_26__rankgauss,0.027156694623229012
var_27__rankgauss,-0.005912286120161104
var_28__rankgauss,-0.044167689438450314
var_29__rankgauss,0.01543741682107139
var_30__rankgauss,-0.009965839018265822
var_31__rankgauss,-0.03301395502281655
var_32__rankgauss,0.03240822887248981
var_33__rankgauss,-0.042911244605792036
var_34__rankgauss,-0.06937210907143135
var_35__rankgauss,0.028818114174618027
var_36__rankgauss,-0.04113691449808227
var_37__rankgauss,0.012881098394791332
var_38__rankgauss,0.016885468884257716
var_39__rankgauss,-0.025740783767392528
var_40__rankgauss,0.03416122430074184
var_41__rankgauss,-0.0003462179343620897
var_42__rankgauss,-0.018034432341761865
var_43__rankgauss,-0.04434589181226402
var_44__rankgauss,-0.014572635604807437
var_45__rankgauss,-0.04139890234648934
var_46__rankgauss,0.012176084760851429
var_47__rankgauss,0.04437894736971836
var_48__rankgauss,0.07015786083114406
var_49__rankgauss,0.05157431668089449
var_50__rankgauss,-0.014428754299119335
var_51__rankgauss,-0.011378129191441553
var_52__rankgauss,0.04352385352622094
var_53__rankgauss,0.016455199792566728
var_54__rankgauss,-0.04011503777742822
var_55__rankgauss,0.03727095290565214
var_56__rankgauss,-0.038012108957868246
var_57__rankgauss,-0.02336256806073286
var_58__rankgauss,-0.04034911486372706
var_59__rankgauss,-0.031627055131008705
var_60__rankgauss,0.011710047297836196
var_61__rankgauss,0.030130545143305973
var_62__rankgauss,0.03184105060780599
var_63__rankgauss,-0.046846898287091474
var_64__rankgauss,-0.052195958946838705
var_65__rankgauss,0.06073361654256527
var_66__rankgauss,0.05307051033060405
var_67__rankgauss,0.049470652534426625
var_68__rankgauss,-0.02663572227336236
var_69__rankgauss,-0.0016816322132265356
var_70__rankgauss,0.040028958169146214
var_71__rankgauss,0.05844397774916721
var_72__rankgauss,-0.059885350895768186
var_73__rankgauss,-0.02875451231713947
var_74__rankgauss,0.05591082517503755
var_75__rankgauss,-0.033490884651766605
var_76__rankgauss,-0.04766380312599941
var_77__rankgauss,-0.012609593376587246
var_78__rankgauss,0.038692554221543544
var_79__rankgauss,0.00827593839465724
var_80__rankgauss,-0.024740464643020436
var_81__rankgauss,-0.03078185204460805
var_82__rankgauss,0.04111345733626922
var_83__rankgauss,-0.03945872391989623
var_84__rankgauss,0.06286858400106744
var_85__rankgauss,-0.013186884541197959
var_86__rankgauss,-0.025345447291814614
var_87__rankgauss,-0.0154375562192807
var_88__rankgauss,-0.019871581684151575
var_89__rankgauss,0.0366197932079488
var_90__rankgauss,0.06950036467239612
var_91__rankgauss,0.08719700165950318
var_92__rankgauss,-0.037340357489417025
var_93__rankgauss,-0.023238059381169542
var_94__rankgauss,0.06379456956279336
var_95__rankgauss,0.02882305182801934
var_96__rankgauss,0.004437445555119303
var_97__rankgauss,0.07005271806074523
var_98__rankgauss,-0.008403662610407701
var_99__rankgauss,0.03288743061785205
var_100__rankgauss,0.0035644998820873403
var_101__rankgauss,-0.01822407691191455
var_102__rankgauss,-0.047216014623285285
var_103__rankgauss,-0.004687574159220633
var_104__rankgauss,-0.09327332103822834
var_105__rankgauss,0.062189113702111005
var_106__rankgauss,0.04614298364331626
var_107__rankgauss,-0.045098706358705866
var_108__rankgauss,-0.01856477559317142
var_109__rankgauss,-0.03132728354953992
var_110__rankgauss,0.025950871918039662
var_111__rankgauss,0.05235793740906607
var_112__rankgauss,0.018002267985707206
var_113__rankgauss,-0.04659524645026459
var_114__rankgauss,-0.0013123640432062575
var_115__rankgauss,-0.017624663755750433
var_116__rankgauss,-0.04666428991761887
var_117__rankgauss,-0.0010648879555094732
var_118__rankgauss,0.07306951359364913
var_119__rankgauss,0.027919814819893092
var_120__rankgauss,-0.032507363713942805
var_121__rankgauss,-0.0030284259845554454
var_122__rankgauss,-0.028206662570097987
var_123__rankgauss,-0.007522977046199559
var_124__rankgauss,0.024231458675879374
var_125__rankgauss,0.07381037670354243
var_126__rankgauss,0.010177036077804957
var_127__rankgauss,-0.035981695248989816
var_128__rankgauss,0.05730950509952289
var_129__rankgauss,-0.014199606612584098
var_130__rankgauss,0.03046642898115533
var_131__rankgauss,-0.0350513055057413
var_132__rankgauss,-0.03492445749687075
var_133__rankgauss,0.024090249169497438
var_134__rankgauss,0.02467011027973619
var_135__rankgauss,0.03519340678088548
var_136__rankgauss,-0.019976288984736884
var_137__rankgauss,0.04514877110177032
var_138__rankgauss,0.052359386438965684
var_139__rankgauss,-0.01733806203115456
var_140__rankgauss,0.08990451959433973
var_141__rankgauss,-0.02900644575533443
var_142__rankgauss,-0.05510409812032524
var_143__rankgauss,-0.03382959922983639
var_144__rankgauss,0.010556100806272152
var_145__rankgauss,0.04103086418670433
var_146__rankgauss,-0.03866891787383928
var_147__rankgauss,0.0230459600058938
var_148__rankgauss,-0.039607814106439425
var_149__rankgauss,-0.026596808158422323
var_150__rankgauss,-0.04019650105771121
var_151__rankgauss,0.03125965786349188
var_152__rankgauss,-0.029978231707346075
var_153__rankgauss,-0.016186421878386623
var_154__rankgauss,-0.04126458651046526
var_155__rankgauss,0.028269669689752742
var_156__rankgauss,-0.06865580067300917
var_157__rankgauss,0.02868143621717298
var_158__rankgauss,-0.01619057182027619
var_159__rankgauss,0.031324685599972556
var_160__rankgauss,-0.012276987401789185
var_161__rankgauss,0.017236886625838423
var_162__rankgauss,0.03839721377671747
var_163__rankgauss,0.035368364098373156
var_164__rankgauss,0.012317133591227995
var_165__rankgauss,-0.012456302976301683
var_166__rankgauss,-0.007844795511437117
var_167__rankgauss,0.01908567918436762
var_168__rankgauss,0.026236328743630678
var_169__rankgauss,-0.01740635211515442
var_170__rankgauss,0.0531721180433168
var_171__rankgauss,0.0206688427116233
var_172__rankgauss,-0.05344118594075636
var_173__rankgauss,0.004700854305770642
var_174__rankgauss,-0.02501336080367547
var_175__rankgauss,0.045961759710805926
var_176__rankgauss,0.05460701782586396
var_177__rankgauss,-0.016995560863244916
var_178__rankgauss,-0.03848164440023239
var_179__rankgauss,0.022587632648552163
var_180__rankgauss,0.024454971886598127
var_181__rankgauss,0.025928779182799063
var_182__rankgauss,-0.04358881670093512
var_183__rankgauss,-0.006643649615095574
var_184__rankgauss,0.031038764314496748
var_185__rankgauss,-0.00429309530204474
var_186__rankgauss,-0.03151001440796733
var_187__rankgauss,0.02643423132602528
var_188__rankgauss,-0.05148640973464502
var_189__rankgauss,0.025395566170113387
var_190__rankgauss,0.012844611501965544
var_191__rankgauss,0.05826389867151856
var_192__rankgauss,-0.056573519795986606
var_193__rankgauss,-0.0876266930981542
var_194__rankgauss,-0.035332273529000445
var_195__rankgauss,0.03733731150478893
var_196__rankgauss,0.026496740373225417
var_197__rankgauss,-0.03939120055463371
var_198__rankgauss,-0.011886733225104702
var_199__rankgauss,0.04165849921011911
var_0__freq,-0.020298986294880358
var_1__freq,-0.023450565861402352
var_2__freq,0.005447989829180863
var_3__freq,-0.015445410214299739
var_4__freq,-0.0014652124639235832
var_5__freq,0.003675775816680706
var_6__freq,0.004441235564852835
var_7__freq,0.00698292941340935
var_8__freq,-0.015237259514390634
var_9__freq,-0.010469005017842897
var_10__freq,0.00513680330420466
var_11__freq,0.0018132633777583145
var_12__freq,0.01368635392004886
var_13__freq,-0.005803094324227899
var_14__freq,-0.005361598098784743
var_15__freq,-0.009679457327790167
var_16__freq,-0.019019583733429553
var_17__freq,-0.016482052382904098
var_18__freq,0.0056721878981632326
var_19__freq,-0.0042602615185590754
var_20__freq,-0.00047411064374781886
var_21__freq,0.010218305745207717
var_22__freq,0.0005725057938018939
var_23__freq,-0.008774711411936493
var_24__freq,-0.018688792406116
var_25__freq,-0.012335978622732842
var_26__freq,-0.013251139995432199
var_27__freq,-0.012603577216777911
var_28__freq,-0.024872590776290525
var_29__freq,0.001999259133281685
var_30__freq,-0.0003532041991179009
var_31__freq,-0.011777812844091589
var_32__freq,-0.0008168089232017469
var_33__freq,-0.00030516388661429566
var_34__freq,-0.015736943356300905
var_35__freq,0.001462431702881992
var_36__freq,-0.012227029117012983
var_37__freq,0.00242252753197132
var_38__freq,0.00806609017989332
var_39__freq,0.007376760300008536
var_40__freq,0.01659997852953382
var_41__freq,-0.006715991506464187
var_42__freq,-0.017284196563313564
var_43__freq,-0.04226688654961572
var_44__freq,-0.0016400289855610138
var_45__freq,-0.00471776205831651
var_46__freq,0.016406025662895982
var_47__freq,-0.0015337183304558208
var_48__freq,0.0009710466467406896
var_49__freq,-0.006833101928930353
var_50__freq,-0.010548232522706584
var_51__freq,0.002667934717688473
var_52__freq,-0.004502258464616336
var_53__freq,0.004369681263587615
var_54__freq,0.012854059773267451
var_55__freq,-0.012834724814635316
var_56__freq,-0.002229853430384613
var_57__freq,-0.0036586466377371814
var_58__freq,-0.0032421278247371055
var_59__freq,0.003984737442008485
var_60__freq,0.0028675075296300642
var_61__freq,-0.01965429894305201
var_62__freq,-0.013192315409729732
var_63__freq,-0.010291176438208387
var_64__freq,0.004399066967322496
var_65__freq,0.0005144406591046683
var_66__freq,-0.014805136237363221
var_67__freq,-0.010743451824665929
var_68__freq,-0.03073447116396393
var_69__freq,-0.004178699409908605
var_70__freq,-0.021888431712412407
var_71__freq,-0.02343987149899484
var_72__freq,-0.019889362696778976
var_73__freq,0.010106900046128155
var_74__freq,-0.0205008058123761
var_75__freq,-0.00729137990918458
var_76__freq,-0.004187304799508468
var_77__freq,0.00373668993578769
var_78__freq,-0.007064259556090299
var_79__freq,0.002871617682275189
var_80__freq,-0.002958456455317691
var_81__freq,-0.01606870296317692
var_82__freq,-0.00783833062934798
var_83__freq,-0.003202684824022834
var_84__freq,0.026303894438702482
var_85__freq,-0.02244846722714581
var_86__freq,0.00011945315439817627
var_87__freq,-0.018415752075093748
var_88__freq,-0.008501574989914811
var_89__freq,-0.01367016756365017
var_90__freq,-0.004663382428699462
var_91__freq,-0.07100117144158849
var_92__freq,-0.013294872985517894
var_93__freq,0.0017548717889615687
var_94__freq,-0.013310349050587462
var_95__freq,0.004074233513753086
var_96__freq,-0.0051248368347494855
var_97__freq,-0.010584209740527702
var_98__freq,-0.02813106347378801
var_99__freq,-0.007816522489289577
var_100__freq,-0.01386445266187463
var_101__freq,-0.008012655741792035
var_102__freq,-0.00794003556384842
var_103__freq,0.0066238247517375155
var_104__freq,-0.005542607227033405
var_105__freq,-0.02567441133323474
var_106__freq,-0.019569647299321518
var_107__freq,-0.01975189585353148
var_108__freq,0.029123789641786232
var_109__freq,0.0009915833008750064
var_110__freq,-0.01035114522905167
var_111__freq,-0.009962655721899078
var_112__freq,-0.011492088901850104
var_113__freq,-0.007009004179424041
var_114__freq,0.0011680187773806625
var_115__freq,8.164296551488263e-05
var_116__freq,-0.009920644049405592
var_117__freq,-0.013280658052254285
var_118__freq,-0.004068516002177983
var_119__freq,0.012200742383163531
var_120__freq,0.007951804818205756
var_121__freq,0.010750618616345992
var_122__freq,-0.004730356436465582
var_123__freq,-0.00039872025419896307
var_124__freq,-0.013061338843133296
var_125__freq,-0.05076410864618043
var_126__freq,0.002665417543861424
var_127__freq,-0.00419660568732148
var_128__freq,-0.014168181620811321
var_129__freq,0.006105169601612869
var_130__freq,-0.01245580439321632
var_131__freq,-0.025455123240338468
var_132__freq,-0.02690594348142826
var_133__freq,-0.0021661580501488565
var_134__freq,-0.010946693482517075
var_135__freq,0.011442058595810784
var_136__freq,-0.01248222205424861
var_137__freq,-0.01869095991035774
var_138__freq,-0.010592597601312261
var_139__freq,0.0016675980835648896
var_140__freq,1.095574213284194e-05
var_141__freq,-0.013679924475298625
var_142__freq,-0.018789387674101782
var_143__freq,-0.018513990418721798
var_144__freq,-0.014796775141309653
var_145__freq,-0.009998511526953099
var_146__freq,-0.014900676026322423
var_147__freq,-0.004586616128047017
var_148__freq,-0.0322503683915898
var_149__freq,0.0030942243130817515
var_150__freq,-0.006573582111752314
var_151__freq,-0.00867525526869752
var_152__freq,-0.01802344457605093
var_153__freq,-0.004550522701197612
var_154__freq,-0.010192592143802456
var_155__freq,-0.014678807058994171
var_156__freq,-0.0124013195072435
var_157__freq,-0.0021122275332355078
var_158__freq,0.006678263053529022
var_159__freq,0.003197645761189148
var_160__freq,0.019350102990752162
var_161__freq,-0.013132049001747954
var_162__freq,-0.0026775754396433553
var_163__freq,-0.007301890752637607
var_164__freq,0.010386250244083692
var_165__freq,0.027918213486534785
var_166__freq,-0.013841138911136587
var_167__freq,0.003751373060499451
var_168__freq,0.004071062474490557
var_169__freq,-0.014849767215679464
var_170__freq,0.010462589987558498
var_171__freq,0.001601871399620626
var_172__freq,-0.006120858454112877
var_173__freq,0.009086867237388984
var_174__freq,-0.01238930197011953
var_175__freq,0.004360133966640989
var_176__freq,-0.008699118815236367
var_177__freq,-0.01618586000050982
var_178__freq,0.006642468006695416
var_179__freq,-0.001794656307854746
var_180__freq,0.0017932478129532988
var_181__freq,-0.009509147810791005
var_182__freq,0.007973336684114752
var_183__freq,-0.019865116780622874
var_184__freq,0.0014958191567555946
var_185__freq,-0.012179487066921025
var_186__freq,0.006715864450025647
var_187__freq,0.023761589258958892
var_188__freq,0.004115516013607954
var_189__freq,0.009097239745186166
var_190__freq,0.03254179068295759
var_191__freq,-0.014131910223360782
var_192__freq,-0.01186700271677385
var_193__freq,-0.035001742376432374
var_194__freq,-0.0007844684413827408
var_195__freq,-0.012331369558884028
var_196__freq,-0.002217911495450486
var_197__freq,0.007618147553453325
var_198__freq,0.0025450831031669113
var_199__freq,0.00507693418770499
var_0__woe,0.16527678653612485
var_1__woe,0.12662581396469522
var_2__woe,0.1905954534531774
var_3__woe,-0.005554210729875543
var_4__woe,0.023163159323813076
var_5__woe,0.11254671637472952
var_6__woe,0.18464190773184827
var_7__woe,-0.02579884673342388
var_8__woe,0.03936254151924987
var_9__woe,0.13133974827999248
var_10__woe,-0.006397235977877626
var_11__woe,0.028906483295943104
var_12__woe,0.21756003079024036
var_13__woe,0.15471756554738825
var_14__woe,-0.008520977467339196
var_15__woe,0.030350311274209743
var_16__woe,-0.002031791546108398
var_17__woe,-0.02889569481238303
var_18__woe,0.1281103297618491
var_19__woe,0.015099028946658875
var_20__woe,0.04491465884615997
var_21__woe,0.19023268156138873
var_22__woe,0.19326158729554158
var_23__woe,0.037390580746299716
var_24__woe,0.06339360817861778
var_25__woe,-0.013337546441404599
var_26__woe,0.19938507622186094
var_27__woe,0.004220062445582535
var_28__woe,0.04729701854526869
var_29__woe,0.001808069750507036
var_30__woe,-0.01078031365314892
var_31__woe,0.06613777326194618
var_32__woe,0.08851778592281265
var_33__woe,0.13814777394302383
var_34__woe,0.1352943687598647
var_35__woe,0.11238861998375704
var_36__woe,0.09545949947485316
var_37__woe,0.031222083066009976
var_38__woe,0.013751648280699965
var_39__woe,-0.009410376324704801
var_40__woe,0.15468727267414903
var_41__woe,-0.016923107649885444
var_42__woe,0.017345961075187277
var_43__woe,0.05699347324446832
var_44__woe,0.18121148196545195
var_45__woe,0.045365597216373926
var_46__woe,-0.0016503569240783145
var_47__woe,-0.024561310250153547
var_48__woe,0.039937986198340894
var_49__woe,0.06767408263008284
var_50__woe,0.05485619129760085
var_51__woe,0.10480382686963045
var_52__woe,0.060300163913430724
var_53__woe,0.2159349578657289
var_54__woe,0.02469277853369204
var_55__woe,0.024234020659832663
var_56__woe,0.09449347636777025
var_57__woe,0.03656571628525313
var_58__woe,0.04637815178728369
var_59__woe,0.004955758778666112
var_60__woe,0.03178107378231688
var_61__woe,0.006053372025451246
var_62__woe,0.035711003497445486
var_63__woe,0.009466081023287746
var_64__woe,-0.005223473462549275
var_65__woe,-0.017631545974723436
var_66__woe,0.022288565219319035
var_67__woe,0.1065353940101462
var_68__woe,0.017751460167488447
var_69__woe,0.038830687418457806
var_70__woe,0.06457530228662033
var_71__woe,0.058806039023206094
var_72__woe,-0.022200632403773343
var_73__woe,-0.010204522833230706
var_74__woe,0.006498383117715305
var_75__woe,0.1141813944159981
var_76__woe,0.1769950302672628
var_77__woe,0.05172042983264495
var_78__woe,0.14736055635799788
var_79__woe,0.011759367612464908
var_80__woe,0.18288561337145628
var_81__woe,0.2581825877197631
var_82__woe,0.06019416379661609
var_83__woe,0.04193423131906158
var_84__woe,-0.03520497200031146
var_85__woe,0.07458590399171178
var_86__woe,0.11450166595467147
var_87__woe,0.11220331016561733
var_88__woe,0.06538317201888706
var_89__woe,0.10600818210835469
var_90__woe,0.025416413842782738
var_91__woe,0.02477515670961162
var_92__woe,0.13481050223492844
var_93__woe,0.11011606078824973
var_94__woe,0.1232536998885617
var_95__woe,0.12169472823746219
var_96__woe,-0.0038944696167557274
var_97__woe,-0.018770584936739897
var_98__woe,-0.01015948058902017
var_99__woe,0.1794795516503022
var_100__woe,-0.005202741168482119
var_101__woe,0.02960429063496791
var_102__woe,0.030206524335418594
var_103__woe,-0.027191347607315005
var_104__woe,-0.0023090360717258696
var_105__woe,0.015434629366298957
var_106__woe,0.07821067852220392
var_107__woe,0.10505935854260294
var_108__woe,0.15169942463783942
var_109__woe,0.16219591614303117
var_110__woe,0.20024748385247793
var_111__woe,0.0423681904682575
var_112__woe,0.08291308236341535
var_113__woe,0.005884223564095767
var_114__woe,0.09787657225601554
var_115__woe,0.14724751623975502
var_116__woe,0.0441481740122594
var_117__woe,-0.0032279069264022488
var_118__woe,0.07105334658432529
var_119__woe,0.08781361350053747
var_120__woe,-0.0009770865591216958
var_121__woe,0.1502576033834943
var_122__woe,0.12978424207290862
var_123__woe,0.14445658983156445
var_124__woe,-0.010650450966914585
var_125__woe,0.006556171521203821
var_126__woe,-0.007653906456049616
var_127__woe,0.11562829976492821
var_128__woe,0.04451908144182547
var_129__woe,0.009302910237286657
var_130__woe,0.09364974646917486
var_131__woe,0.07390079141687639
var_132__woe,0.060075302367216483
var_133__woe,0.17067164515009078
var_134__woe,0.06079498912637842
var_135__woe,0.06284678797273185
var_136__woe,0.0002813205348722975
var_137__woe,0.060444006809838406
var_138__woe,0.0002679806524642842
var_139__woe,0.24408518836254528
var_140__woe,-0.03290361968468938
var_141__woe,0.09411002179513875
var_142__woe,0.009498019504178917
var_143__woe,0.008258943321255029
var_144__woe,0.071462842124718
var_145__woe,0.08487363638839718
var_146__woe,0.17968111604671191
var_147__woe,0.11479102150739853
var_148__woe,0.14635305428615575
var_149__woe,0.14065193300377854
var_150__woe,0.0775234480184175
var_151__woe,0.07011433751759152
var_152__woe,0.013461519456983276
var_153__woe,0.007571554288729364
var_154__woe,0.13387520171774003
var_155__woe,0.1213303131174542
var_156__woe,0.0024311865229041186
var_157__woe,0.0931628549070727
var_158__woe,-0.015389161829749603
var_159__woe,0.02002700947287898
var_160__woe,-0.00040308366506813635
var_161__woe,-0.003307551483847974
var_162__woe,0.08911303280865
var_163__woe,0.0847535232106053
var_164__woe,0.15578499050130576
var_165__woe,0.17644460571317092
var_166__woe,0.19405569957716032
var_167__woe,0.08114769612034967
var_168__woe,0.04360577531478414
var_169__woe,0.15874351735577483
var_170__woe,0.12819891053089194
var_171__woe,0.048905133883645646
var_172__woe,0.08664475081565613
var_173__woe,0.1455605321349583
var_174__woe,0.186863721112321
var_175__woe,0.05328910589343705
var_176__woe,-0.02354282382691221
var_177__woe,0.14107701728227268
var_178__woe,0.03021903611233317
var_179__woe,0.1615917497557439
var_180__woe,0.10497005409024496
var_181__woe,0.03392938527305377
var_182__woe,-0.018548342234282818
var_183__woe,-0.004585121744158937
var_184__woe,0.14780886191708933
var_185__woe,-0.011409606590072702
var_186__woe,0.06375277687392293
var_187__woe,0.03218652477973934
var_188__woe,0.09612950241032465
var_189__woe,0.0004899534132466271
var_190__woe,0.19409142047767355
var_191__woe,0.10894148567364738
var_192__woe,0.09627512924626741
var_193__woe,-0.03708152525138717
var_194__woe,0.05175908607220606
var_195__woe,0.07051136459778463
var_196__woe,0.06700273196957368
var_197__woe,0.097752064715774
var_198__woe,0.17607452442760063
var_199__woe,0.06516517777865719
