frac,num_leaves,lr,min_child,lam,subsample,colsample,objective,fit_target,k,M,complexity,cv_mse,cv_se,val_mse_tuning_fit,is_cv_min,is_one_se,is_one_se_plain
1.0,7,0.02,20,1,1.0,0.6,regression,clipped,239,20,2.8000000000000003,0.02562550453194734,0.001988919450845284,0.025666870527197565,False,False,True
1.0,7,0.02,20,1,1.0,0.6,regression,clipped,239,50,7.0,0.025552759154768862,0.00198558891321201,0.02563198256062845,False,False,False
1.0,7,0.02,20,1,1.0,0.6,regression,clipped,239,100,14.0,0.025499784794694818,0.0019826875641500256,0.02561668992105363,False,False,False
1.0,7,0.02,20,1,1.0,0.6,regression,clipped,239,200,28.0,0.025451982071508606,0.0019855564826114975,0.025600260350825844,False,False,False
1.0,7,0.02,20,1,1.0,0.6,regression,clipped,239,300,42.0,0.025424300844755603,0.001990166198191698,0.025593129141390867,False,False,False
1.0,7,0.02,20,1,1.0,0.6,regression,clipped,239,500,70.0,0.025393640874411365,0.0019917934574388623,0.02559458247740238,False,True,False
1.0,7,0.02,20,1,1.0,0.6,regression,clipped,239,800,112.0,0.025393452379231896,0.0019970085946582066,0.025620257675979467,True,False,False
1.0,7,0.02,20,1,1.0,0.6,regression,clipped,239,1200,168.0,0.02541594852981726,0.0019995744027583346,0.02565556667474849,False,False,False
1.0,7,0.05,20,50,0.5,1.0,huber,raw,239,20,7.0,0.02558066810208176,0.001989331418998034,0.025632542232314967,False,False,False
1.0,7,0.05,20,50,0.5,1.0,huber,raw,239,50,17.5,0.025517501537376606,0.0019907748190840027,0.025588582103910573,False,False,False
1.0,7,0.05,20,50,0.5,1.0,huber,raw,239,100,35.0,0.02547368248441866,0.0019930291888602993,0.02555654932873861,False,False,False
1.0,7,0.05,20,50,0.5,1.0,huber,raw,239,200,70.0,0.025462573478599093,0.0019943287810533956,0.02555034479612951,False,False,False
1.0,7,0.05,20,50,0.5,1.0,huber,raw,239,300,105.0,0.025452203789858747,0.0019974784574832423,0.025547690692002228,False,False,False
1.0,7,0.05,20,50,0.5,1.0,huber,raw,239,500,175.0,0.02546024434416493,0.002001554319581197,0.02555703865782287,False,False,False
1.0,7,0.05,20,50,0.5,1.0,huber,raw,239,800,280.0,0.02547941635607226,0.002006677499981198,0.025582561467910176,False,False,False
1.0,7,0.05,20,50,0.5,1.0,huber,raw,239,1200,420.0,0.025519226452304124,0.0020151887031799043,0.02563528672167141,False,False,False
1.0,7,0.05,200,0,0.5,0.6,regression_l1,clipped,239,20,7.0,0.025684834543701546,0.00199777521044101,0.02569423746775258,False,False,False
1.0,7,0.05,200,0,0.5,0.6,regression_l1,clipped,239,50,17.5,0.02563486812173806,0.0019972294033359116,0.02565643699668369,False,False,False
1.0,7,0.05,200,0,0.5,0.6,regression_l1,clipped,239,100,35.0,0.025610751557992296,0.001997440781527411,0.02562937097149744,False,False,False
1.0,7,0.05,200,0,0.5,0.6,regression_l1,clipped,239,200,70.0,0.025592180805789323,0.001995228016959249,0.02560710343021311,False,False,False
1.0,7,0.05,200,0,0.5,0.6,regression_l1,clipped,239,300,105.0,0.025586169772929414,0.001995512004969033,0.025604620426862134,False,False,False
1.0,7,0.05,200,0,0.5,0.6,regression_l1,clipped,239,500,175.0,0.02558455817439772,0.00199509065383557,0.025598840159623167,False,False,False
1.0,7,0.05,200,0,0.5,0.6,regression_l1,clipped,239,800,280.0,0.025584609166757387,0.0019906181261744285,0.025597429209784753,False,False,False
1.0,7,0.05,200,0,0.5,0.6,regression_l1,clipped,239,1200,420.0,0.0255892027045879,0.001989676996282552,0.02560150088889173,False,False,False
1.0,15,0.02,50,10,0.5,1.0,huber,clipped,239,20,6.0,0.02562254719017627,0.001992786153800465,0.025663375289795645,False,False,False
1.0,15,0.02,50,10,0.5,1.0,huber,clipped,239,50,15.0,0.02554201340510153,0.0019932717628856323,0.025617476611297804,False,False,False
1.0,15,0.02,50,10,0.5,1.0,huber,clipped,239,100,30.0,0.025483725049981677,0.001993137630518578,0.02558016054039463,False,False,False
1.0,15,0.02,50,10,0.5,1.0,huber,clipped,239,200,60.0,0.02544716280849142,0.0019927142031080304,0.025552753082260078,False,False,False
1.0,15,0.02,50,10,0.5,1.0,huber,clipped,239,300,90.0,0.025435636022968645,0.0019927726268398316,0.0255496443532321,False,False,False
1.0,15,0.02,50,10,0.5,1.0,huber,clipped,239,500,150.0,0.025440412887402574,0.0019990612837297115,0.02556220420975514,False,False,False
1.0,15,0.02,50,10,0.5,1.0,huber,clipped,239,800,240.0,0.025465854418145594,0.002006361731904104,0.025576885203647128,False,False,False
1.0,15,0.02,50,10,0.5,1.0,huber,clipped,239,1200,360.0,0.025500410177152356,0.0020144581703956618,0.025610701369805873,False,False,False
1.0,15,0.1,200,50,0.8,0.6,regression_l1,raw,239,20,30.0,0.025625341792581812,0.0019994178232849366,0.02564876895090074,False,False,False
1.0,15,0.1,200,50,0.8,0.6,regression_l1,raw,239,50,75.0,0.025586921030133446,0.00199382594835465,0.025613484723912287,False,False,False
1.0,15,0.1,200,50,0.8,0.6,regression_l1,raw,239,100,150.0,0.02557585776574171,0.0019987902649264287,0.0255967060477696,False,False,False
1.0,15,0.1,200,50,0.8,0.6,regression_l1,raw,239,200,300.0,0.0255800724231039,0.0019969848224154815,0.025589189710406263,False,False,False
1.0,15,0.1,200,50,0.8,0.6,regression_l1,raw,239,300,450.0,0.025580092906140644,0.001992241317171885,0.02559083352194296,False,False,False
1.0,15,0.1,200,50,0.8,0.6,regression_l1,raw,239,500,750.0,0.025587628909924904,0.0019938577994295242,0.025603442475848757,False,False,False
1.0,15,0.1,200,50,0.8,0.6,regression_l1,raw,239,800,1200.0,0.025599267288412157,0.0019857113430607476,0.025612593931216596,False,False,False
1.0,15,0.1,200,50,0.8,0.6,regression_l1,raw,239,1200,1800.0,0.02559974214724887,0.0019848338329803363,0.025622048498784224,False,False,False
1.0,63,0.02,50,10,0.8,0.6,regression,clipped,239,20,25.2,0.02556832841450063,0.0019893646880989753,0.02563471852073667,False,False,False
1.0,63,0.02,50,10,0.8,0.6,regression,clipped,239,50,63.0,0.025463988919199765,0.001987594458413335,0.025587566116276123,False,False,False
1.0,63,0.02,50,10,0.8,0.6,regression,clipped,239,100,126.0,0.025406316320601457,0.001983958614497803,0.025571999338374722,False,False,False
1.0,63,0.02,50,10,0.8,0.6,regression,clipped,239,200,252.0,0.025425521717125026,0.0019882083150466134,0.025621580655624955,False,False,False
1.0,63,0.02,50,10,0.8,0.6,regression,clipped,239,300,378.0,0.025469727633321282,0.001989588746418721,0.025672715439361473,False,False,False
1.0,63,0.02,50,10,0.8,0.6,regression,clipped,239,500,630.0,0.025578889779730423,0.0020037221707391644,0.025760415104753576,False,False,False
1.0,63,0.02,50,10,0.8,0.6,regression,clipped,239,800,1008.0,0.025727960073421336,0.0020137012779682046,0.02588481597959231,False,False,False
1.0,63,0.02,50,10,0.8,0.6,regression,clipped,239,1200,1512.0,0.02590609130988364,0.002012857121435965,0.026047044707992722,False,False,False
0.5,7,0.02,200,0,1.0,1.0,huber,clipped,120,20,500002.8,0.02564267654343031,0.0019913632816017926,0.02568072527561122,False,False,False
0.5,7,0.02,200,0,1.0,1.0,huber,clipped,120,50,500007.0,0.025584884844551625,0.0019913638382127634,0.025650396008570005,False,False,False
0.5,7,0.02,200,0,1.0,1.0,huber,clipped,120,100,500014.0,0.025535371923856166,0.0019938715667230183,0.025618557604521877,False,False,False
0.5,7,0.02,200,0,1.0,1.0,huber,clipped,120,200,500028.0,0.025490905157448906,0.0019919775554134633,0.025585286969707462,False,False,False
0.5,7,0.02,200,0,1.0,1.0,huber,clipped,120,300,500042.0,0.025462222205648772,0.0019885057456495952,0.02557681156997341,False,False,False
0.5,7,0.02,200,0,1.0,1.0,huber,clipped,120,500,500070.0,0.0254405665151462,0.001985335806985895,0.0255711913039224,False,False,False
0.5,7,0.02,200,0,1.0,1.0,huber,clipped,120,800,500112.0,0.025432753655382768,0.001987935036003145,0.025579206760045384,False,False,False
0.5,7,0.02,200,0,1.0,1.0,huber,clipped,120,1200,500168.0,0.025432649145739734,0.001990705956405781,0.025588400666975798,False,False,False
0.5,15,0.02,200,50,1.0,1.0,huber,clipped,120,20,500006.0,0.02563064219697107,0.0019918703780097153,0.025670945563139848,False,False,False
0.5,15,0.02,200,50,1.0,1.0,huber,clipped,120,50,500015.0,0.025563226909490276,0.001990909475055357,0.025632215640537543,False,False,False
0.5,15,0.02,200,50,1.0,1.0,huber,clipped,120,100,500030.0,0.02551141946006779,0.0019928445440403867,0.0255925099060702,False,False,False
0.5,15,0.02,200,50,1.0,1.0,huber,clipped,120,200,500060.0,0.02547334193509641,0.0019963887875691284,0.025565068103962384,False,False,False
0.5,15,0.02,200,50,1.0,1.0,huber,clipped,120,300,500090.0,0.02545852219009419,0.0019943992463655517,0.025562588997939895,False,False,False
0.5,15,0.02,200,50,1.0,1.0,huber,clipped,120,500,500150.0,0.02545841501814901,0.00200073998995651,0.02556646986641172,False,False,False
0.5,15,0.02,200,50,1.0,1.0,huber,clipped,120,800,500240.0,0.025462633487460796,0.001999858247347007,0.025584796412460597,False,False,False
0.5,15,0.02,200,50,1.0,1.0,huber,clipped,120,1200,500360.0,0.025472868110474046,0.0020033243090994057,0.02561299233582378,False,False,False
0.5,31,0.1,200,50,0.8,0.3,regression_l1,clipped,120,20,500062.0,0.025646498007887895,0.0019984015670260406,0.02566402610191129,False,False,False
0.5,31,0.1,200,50,0.8,0.3,regression_l1,clipped,120,50,500155.0,0.02560516421836646,0.0019914774267916794,0.02562808346149466,False,False,False
0.5,31,0.1,200,50,0.8,0.3,regression_l1,clipped,120,100,500310.0,0.025603278371616394,0.0019912615529267476,0.025614852412548576,False,False,False
0.5,31,0.1,200,50,0.8,0.3,regression_l1,clipped,120,200,500620.0,0.025602381642921467,0.001990123710679179,0.02561140732692522,False,False,False
0.5,31,0.1,200,50,0.8,0.3,regression_l1,clipped,120,300,500930.0,0.02560706673936113,0.001991365433944561,0.02561983033863015,False,False,False
0.5,31,0.1,200,50,0.8,0.3,regression_l1,clipped,120,500,501550.0,0.025619899451015567,0.0019910109265929422,0.02562827740475254,False,False,False
0.5,31,0.1,200,50,0.8,0.3,regression_l1,clipped,120,800,502480.0,0.02562624606239287,0.0019897496018824934,0.025638994773582002,False,False,False
0.5,31,0.1,200,50,0.8,0.3,regression_l1,clipped,120,1200,503720.0,0.025631898793551506,0.0019905133563859227,0.025649035770524933,False,False,False
0.5,63,0.02,20,1,0.8,0.6,huber,clipped,120,20,500025.2,0.025610871141070274,0.001989178971892624,0.02565514569261615,False,False,False
0.5,63,0.02,20,1,0.8,0.6,huber,clipped,120,50,500063.0,0.025523236773868106,0.001990998167567156,0.025603117040825258,False,False,False
0.5,63,0.02,20,1,0.8,0.6,huber,clipped,120,100,500126.0,0.025464220846323916,0.0019933696398604516,0.025561492954808186,False,False,False
0.5,63,0.02,20,1,0.8,0.6,huber,clipped,120,200,500252.0,0.025448024116618607,0.001995781986610733,0.02555400893169018,False,False,False
0.5,63,0.02,20,1,0.8,0.6,huber,clipped,120,300,500378.0,0.02545454505153067,0.0019993003850586415,0.025568324120811194,False,False,False
0.5,63,0.02,20,1,0.8,0.6,huber,clipped,120,500,500630.0,0.025494500499395018,0.0020048850645039765,0.025599990315404778,False,False,False
0.5,63,0.02,20,1,0.8,0.6,huber,clipped,120,800,501008.0,0.025586869553111003,0.0020109008568370374,0.0256731925605428,False,False,False
0.5,63,0.02,20,1,0.8,0.6,huber,clipped,120,1200,501512.0,0.02569877235450856,0.0020139867021084254,0.02578130707415259,False,False,False
0.5,63,0.02,20,10,1.0,1.0,regression_l1,raw,120,20,500025.2,0.025708472590158737,0.002000205350333793,0.025712300951008012,False,False,False
0.5,63,0.02,20,10,1.0,1.0,regression_l1,raw,120,50,500063.0,0.02564914579420117,0.0019968290509106675,0.02567797242838564,False,False,False
0.5,63,0.02,20,10,1.0,1.0,regression_l1,raw,120,100,500126.0,0.025607181567415795,0.001989516796762837,0.025638177402926482,False,False,False
0.5,63,0.02,20,10,1.0,1.0,regression_l1,raw,120,200,500252.0,0.025583958461569974,0.001984532877381858,0.02561917842764076,False,False,False
0.5,63,0.02,20,10,1.0,1.0,regression_l1,raw,120,300,500378.0,0.02557626082295264,0.0019827988881930387,0.025617291575269145,False,False,False
0.5,63,0.02,20,10,1.0,1.0,regression_l1,raw,120,500,500630.0,0.02557622472653815,0.0019787235888236525,0.02561802142552982,False,False,False
0.5,63,0.02,20,10,1.0,1.0,regression_l1,raw,120,800,501008.0,0.025561457878129808,0.001981936947957757,0.025623779136969175,False,False,False
0.5,63,0.02,20,10,1.0,1.0,regression_l1,raw,120,1200,501512.0,0.025543428677253788,0.0019811207435814376,0.025622947368797225,False,False,False
0.25,7,0.05,50,1,1.0,1.0,regression_l1,clipped,60,20,750007.0,0.02568268424314548,0.0019964422492554797,0.025702122353707103,False,False,False
0.25,7,0.05,50,1,1.0,1.0,regression_l1,clipped,60,50,750017.5,0.025633063612051372,0.001993034677519897,0.02564788753997137,False,False,False
0.25,7,0.05,50,1,1.0,1.0,regression_l1,clipped,60,100,750035.0,0.025599683653283262,0.001988854474511068,0.025617478909158053,False,False,False
0.25,7,0.05,50,1,1.0,1.0,regression_l1,clipped,60,200,750070.0,0.02558129730680255,0.0019858647087461884,0.02559988948475581,False,False,False
0.25,7,0.05,50,1,1.0,1.0,regression_l1,clipped,60,300,750105.0,0.02556978976377357,0.001986411450886817,0.025594090264113797,False,False,False
0.25,7,0.05,50,1,1.0,1.0,regression_l1,clipped,60,500,750175.0,0.02555885213439375,0.0019866206857543952,0.025592680311934186,False,False,False
0.25,7,0.05,50,1,1.0,1.0,regression_l1,clipped,60,800,750280.0,0.02555469780703496,0.0019832439999344707,0.02559180570015565,False,False,False
0.25,7,0.05,50,1,1.0,1.0,regression_l1,clipped,60,1200,750420.0,0.02554106030827688,0.001979298201867383,0.025593905995659992,False,False,False
0.25,31,0.02,100,50,0.5,0.3,regression_l1,raw,60,20,750012.4,0.025727109038651032,0.0019980727953740375,0.025728349101023475,False,False,False
0.25,31,0.02,100,50,0.5,0.3,regression_l1,raw,60,50,750031.0,0.02569103036768518,0.0019948077980212735,0.025696594528380152,False,False,False
0.25,31,0.02,100,50,0.5,0.3,regression_l1,raw,60,100,750062.0,0.02565466995151396,0.0019954683316254843,0.025660536663050227,False,False,False
0.25,31,0.02,100,50,0.5,0.3,regression_l1,raw,60,200,750124.0,0.025617196233915746,0.001993675926401695,0.025630067253574286,False,False,False
0.25,31,0.02,100,50,0.5,0.3,regression_l1,raw,60,300,750186.0,0.025601510791128344,0.0019935674754200513,0.02561595744718716,False,False,False
0.25,31,0.02,100,50,0.5,0.3,regression_l1,raw,60,500,750310.0,0.025593290055087557,0.001993564615105417,0.025612068711627294,False,False,False
0.25,31,0.02,100,50,0.5,0.3,regression_l1,raw,60,800,750496.0,0.02558755542438849,0.001992783133040739,0.025609626944205856,False,False,False
0.25,31,0.02,100,50,0.5,0.3,regression_l1,raw,60,1200,750744.0,0.025588111267393493,0.0019904814960613197,0.02561435259809771,False,False,False
0.25,31,0.05,100,50,0.5,0.3,regression,clipped,60,20,750031.0,0.025563413854048804,0.0019897027480873094,0.025636884679839562,False,False,False
0.25,31,0.05,100,50,0.5,0.3,regression,clipped,60,50,750077.5,0.025484330097214753,0.0019809835116246883,0.025597511057399196,False,False,False
0.25,31,0.05,100,50,0.5,0.3,regression,clipped,60,100,750155.0,0.02545570451951574,0.001983818997634749,0.025603370765281974,False,False,False
0.25,31,0.05,100,50,0.5,0.3,regression,clipped,60,200,750310.0,0.025481544057281525,0.0019837783498012477,0.025635332521749023,False,False,False
0.25,31,0.05,100,50,0.5,0.3,regression,clipped,60,300,750465.0,0.025545030259819475,0.001993990537285452,0.025673830021876037,False,False,False
0.25,31,0.05,100,50,0.5,0.3,regression,clipped,60,500,750775.0,0.025628809185921485,0.001993277735302834,0.02577956494774059,False,False,False
0.25,31,0.05,100,50,0.5,0.3,regression,clipped,60,800,751240.0,0.025793603037477318,0.0019941879104444764,0.025929320381792496,False,False,False
0.25,31,0.05,100,50,0.5,0.3,regression,clipped,60,1200,751860.0,0.025986379816461007,0.0019974316774884196,0.026112051146817878,False,False,False
0.25,63,0.02,200,50,0.8,1.0,regression,clipped,60,20,750025.2,0.02558159677868821,0.0019916428568146917,0.02564667136714692,False,False,False
0.25,63,0.02,200,50,0.8,1.0,regression,clipped,60,50,750063.0,0.025486117470390028,0.001989768213438866,0.02560882958679962,False,False,False
0.25,63,0.02,200,50,0.8,1.0,regression,clipped,60,100,750126.0,0.025432280311500827,0.0019889063945377526,0.025589428221326028,False,False,False
0.25,63,0.02,200,50,0.8,1.0,regression,clipped,60,200,750252.0,0.025431708474575803,0.001992042308165521,0.025609252755909712,False,False,False
0.25,63,0.02,200,50,0.8,1.0,regression,clipped,60,300,750378.0,0.02545601227339985,0.0019985533591309053,0.025623085549613817,False,False,False
0.25,63,0.02,200,50,0.8,1.0,regression,clipped,60,500,750630.0,0.025527479464058395,0.0020038067965581254,0.0256810865219647,False,False,False
0.25,63,0.02,200,50,0.8,1.0,regression,clipped,60,800,751008.0,0.02563235262648459,0.002005305404931034,0.025785236240058268,False,False,False
0.25,63,0.02,200,50,0.8,1.0,regression,clipped,60,1200,751512.0,0.025761974749973014,0.0020066948446148714,0.02589471585644607,False,False,False
0.25,63,0.05,20,50,0.5,0.3,huber,raw,60,20,750063.0,0.025615543592946904,0.0019913799331990932,0.025640331772406006,False,False,False
0.25,63,0.05,20,50,0.5,0.3,huber,raw,60,50,750157.5,0.025550918843444886,0.0019875375554257836,0.025592645305363346,False,False,False
0.25,63,0.05,20,50,0.5,0.3,huber,raw,60,100,750315.0,0.025522587122791162,0.0019870535830855194,0.02557879277396312,False,False,False
0.25,63,0.05,20,50,0.5,0.3,huber,raw,60,200,750630.0,0.025515559461433975,0.0019909213599478824,0.025588332431450624,False,False,False
0.25,63,0.05,20,50,0.5,0.3,huber,raw,60,300,750945.0,0.02554469252847158,0.001996372717131966,0.02562037762691063,False,False,False
0.25,63,0.05,20,50,0.5,0.3,huber,raw,60,500,751575.0,0.025609090238910892,0.001998863818879545,0.025687624449387214,False,False,False
0.25,63,0.05,20,50,0.5,0.3,huber,raw,60,800,752520.0,0.02573640336728867,0.0020208440768727776,0.025825427577464352,False,False,False
0.25,63,0.05,20,50,0.5,0.3,huber,raw,60,1200,753780.0,0.025920304694781245,0.0020296588226232535,0.025994618797661323,False,False,False
