variable,importance,relative_importance_0_100
var_81__rankgauss,0.033189098404593234,100.0
var_139__rankgauss,0.023494492011009515,70.78978682879188
var_12__rankgauss,0.02301888925151308,69.35677785187247
var_53__rankgauss,0.02107818652516125,63.509367648999216
var_110__rankgauss,0.019309063569197673,58.178933738451235
var_174__rankgauss,0.01792964957560724,54.02270756811475
var_99__rankgauss,0.01683553408743284,50.72609650975898
var_146__rankgauss,0.01632332581286598,49.18279374111259
var_80__rankgauss,0.01606227737577609,48.396244995775895
var_198__rankgauss,0.015794337176464314,47.58893111202576
var_22__rankgauss,0.015406179203025337,46.41939655972452
var_44__rankgauss,0.014782292039604713,44.53960110455698
var_26__rankgauss,0.014333649523817273,43.18782435449815
var_165__rankgauss,0.013800352669672398,41.58098090354418
var_6__rankgauss,0.013746338446664437,41.41823402096997
var_109__rankgauss,0.013672002763391849,41.19425781539067
var_1__rankgauss,0.012945729536978225,39.00596930703785
var_166__rankgauss,0.012891018093401995,38.841121672705434
var_2__rankgauss,0.012593744028703434,37.94542375083173
var_108__rankgauss,0.012347180052687512,37.202517230714264
var_21__rankgauss,0.012078536981897845,36.393085568802995
var_133__rankgauss,0.011705166052116647,35.26810493441033
var_40__rankgauss,0.01152054737356332,34.71184192207198
var_164__rankgauss,0.01147484375196367,34.57413519366829
var_76__rankgauss,0.011113226965375485,33.484570234175024
var_184__rankgauss,0.010977984487604085,33.077079569250294
var_33__rankgauss,0.010673218802259719,32.15880911300257
var_154__rankgauss,0.010518957324473149,31.694013486721797
var_190__rankgauss,0.010479235964197843,31.57433153636846
var_78__rankgauss,0.0104706287070648,31.548397547357624
var_76__woe,0.009968986010862008,30.036929263141243
var_115__rankgauss,0.00987027614363715,29.739512725874906
var_148__rankgauss,0.009649248061106674,29.07354681189911
var_34__rankgauss,0.009519561922904032,28.682797606778507
var_94__rankgauss,0.009442249329347133,28.449851858706605
var_177__rankgauss,0.009291099336682509,27.994431253958556
var_191__rankgauss,0.009265849715130255,27.91835319590333
var_121__rankgauss,0.009237631714373522,27.833331299819438
var_0__rankgauss,0.009097907451618063,27.412336848412096
var_13__rankgauss,0.009039384019586823,27.236003549695127
var_179__rankgauss,0.008768210560358786,26.41894773238342
var_18__rankgauss,0.008417397086565394,25.361933560088698
var_127__rankgauss,0.007980529458755,24.045634989742677
var_92__rankgauss,0.007133532283496555,21.493600689403795
var_89__rankgauss,0.007100080760736763,21.392809994965518
var_123__rankgauss,0.0067634268945862275,20.378459252301344
var_118__rankgauss,0.0066864909294100505,20.14664829968586
var_107__rankgauss,0.006681588207664246,20.131876214930685
var_157__rankgauss,0.0065535927424587885,19.74622107104843
var_149__rankgauss,0.006444576626815238,19.417751420217353
var_155__rankgauss,0.006386983818450107,19.24422212555848
var_173__rankgauss,0.006287659045684238,18.944952854802622
var_9__rankgauss,0.0062276515990016415,18.764148164204908
var_67__rankgauss,0.0061544157141102855,18.54348569245418
var_147__rankgauss,0.0060969475567328475,18.370331975902833
var_86__rankgauss,0.006042655221019349,18.20674712930156
var_35__rankgauss,0.005897388813828319,17.769053988559524
var_5__rankgauss,0.005805845244910437,17.49322977724195
var_56__rankgauss,0.005802244781771375,17.48238144657876
var_192__rankgauss,0.005526637058836929,16.651965026178793
var_93__rankgauss,0.005480431611068327,16.51274627668059
var_170__woe,0.005382102287682419,16.216476332293375
var_169__rankgauss,0.005308351992359923,15.994263922593538
var_122__rankgauss,0.0052629977363709635,15.857609845896224
var_180__rankgauss,0.00500523148308474,15.080950443631323
var_163__rankgauss,0.0050026021227813815,15.073028082284518
var_95__rankgauss,0.004876815570833555,14.694028477009258
var_145__rankgauss,0.004688935751554437,14.127939525183086
var_167__rankgauss,0.004679601628845453,14.099815462892526
var_188__rankgauss,0.004672209571729804,14.077542917174242
var_52__rankgauss,0.004613641780015138,13.901075961065063
var_75__rankgauss,0.004432272921785009,13.354604779416366
var_197__rankgauss,0.004409563084982055,13.28617918819931
var_119__rankgauss,0.004197295786293082,12.646609844973051
var_141__rankgauss,0.004157547077805807,12.526845493429914
var_172__rankgauss,0.004131864670917939,12.449463436904047
var_111__rankgauss,0.003971111761368893,11.965108882919541
var_131__rankgauss,0.003965253144378394,11.947456649890855
var_102__rankgauss,0.0038678678229181196,11.654031018760133
var_75__woe,0.003799500803731393,11.448038622240965
var_130__rankgauss,0.0037842145210235925,11.40198047832439
var_87__rankgauss,0.0037529670171481664,11.307830575562642
var_125__rankgauss,0.0035855683463764084,10.803452093414446
var_174__woe,0.0035023887388694035,10.552828811959193
var_137__rankgauss,0.0034871668542223815,10.50696470181839
var_196__rankgauss,0.0034706268547457096,10.457129062190461
var_186__rankgauss,0.003470090452938248,10.45551286339855
var_80__woe,0.0034663746035399675,10.444316869602687
var_170__rankgauss,0.0034650281917213595,10.440260080225059
var_195__rankgauss,0.003225552654260776,9.718711291700448
var_70__rankgauss,0.0031461214508625495,9.479382092606468
var_132__rankgauss,0.00313835771966882,9.455989678931696
var_151__rankgauss,0.003124040103987477,9.412850165146766
var_199__rankgauss,0.0031151745362585576,9.386137876608997
var_91__rankgauss,0.0030855517566318095,9.296883329029457
var_150__rankgauss,0.0029770392603225334,8.96993110216734
var_106__rankgauss,0.0029748095292764136,8.963212838781763
var_71__rankgauss,0.002859870364393918,8.616896818137498
var_32__rankgauss,0.002795983885410853,8.42440445753085
var_187__rankgauss,0.0027720643703298725,8.352334060229339
var_28__rankgauss,0.0027226618273250955,8.203482342708925
var_73__rankgauss,0.0026425852482965186,7.962208602601858
var_48__rankgauss,0.0025826023045573323,7.781477740292911
var_58__rankgauss,0.002538771814164627,7.649414826566279
var_24__rankgauss,0.002510449734715985,7.56407933747471
var_85__rankgauss,0.002482638817906715,7.480284000613672
var_166__woe,0.002477396625829753,7.4644890790009875
var_131__woe,0.0024681173541493636,7.436530284919661
var_36__rankgauss,0.002467653052154589,7.4351313255712785
var_116__rankgauss,0.0024284876748358044,7.317124572747393
var_153__rankgauss,0.00236533451741044,7.126841737535984
var_156__rankgauss,0.002336382594192779,7.039608505512861
var_97__rankgauss,0.002331656510048158,7.02536863648416
var_162__rankgauss,0.002330058256913127,7.020553039761564
var_114__rankgauss,0.0022901528694547636,6.900316608594031
var_43__rankgauss,0.0022587142001941874,6.805590717347087
var_51__rankgauss,0.0022273333809560056,6.711039130390333
var_20__rankgauss,0.0021270923056795833,6.409009005755946
var_126__rankgauss,0.0021010421249808534,6.330518832925205
var_49__rankgauss,0.0020347307619917507,6.130720205735243
var_128__rankgauss,0.0019538370792758714,5.88698450152978
var_69__rankgauss,0.0019509701339231079,5.878346287505965
var_74__rankgauss,0.0019487895160575867,5.871776003978108
var_178__rankgauss,0.0019302657661971897,5.815963249938869
var_99__woe,0.0019239051162607318,5.796798372788793
var_147__woe,0.001914243681059671,5.767688105666491
var_31__rankgauss,0.001863074683834581,5.613513995236277
var_98__woe,0.0018475918435662665,5.5668636160076215
var_122__woe,0.0018282336231748018,5.50853657091746
var_194__woe,0.0017942113757708172,5.406026261691116
var_112__woe,0.0017876728883027984,5.386325553379274
var_55__rankgauss,0.0017808075373638144,5.3656399931531675
var_144__rankgauss,0.0017153624952524513,5.1684516233048745
var_66__rankgauss,0.0016923283774617473,5.099048961292471
var_77__woe,0.0016814476199293524,5.066264830190889
var_175__rankgauss,0.0016318782891675163,4.916910574894288
var_83__rankgauss,0.0015663510604554706,4.7194745737313974
var_37__rankgauss,0.0015592042274774993,4.697940897549997
var_68__rankgauss,0.0015015880450310211,4.524341175906145
var_194__rankgauss,0.001496527518113994,4.509093618243275
var_90__rankgauss,0.0014601203706149984,4.399397515459245
var_176__rankgauss,0.0014548978737587547,4.383661936286293
var_95__woe,0.0014465943986960747,4.358643254062822
var_89__woe,0.0014426240691364975,4.346680501983278
var_115__woe,0.0014189301793600055,4.275289922198161
var_108__freq,0.0014183247258003268,4.273465667883393
var_6__woe,0.0014070767644943475,4.239575138020664
var_11__woe,0.0013984219588813757,4.2134978836539885
var_3__rankgauss,0.0013211654665748348,3.9807211707564525
var_34__woe,0.001311221553091051,3.9507597859590646
var_27__freq,0.0012963088629453082,3.9058272904632574
var_12__freq,0.0012779238290835633,3.8504324929378138
var_101__freq,0.0012593203305932127,3.794379453281346
var_87__woe,0.0012486778413767889,3.7623132335646003
var_180__woe,0.001187301245924557,3.577383246301862
var_30__freq,0.0011638080185271565,3.5065972698013703
var_126__freq,0.0011422745549680875,3.4417161353500383
var_81__woe,0.001138251892854371,3.429595703319382
var_11__rankgauss,0.0010997213383344493,3.313501695430969
var_60__rankgauss,0.001099015432603884,3.3113747749525633
var_110__woe,0.0010955662159152556,3.300982155525001
var_135__rankgauss,0.0010948870785137761,3.2989358890274896
var_96__rankgauss,0.0010907275307451534,3.286403015377487
var_59__woe,0.0010873681863247753,3.2762811844695605
var_137__woe,0.0010713425398687626,3.227995309810806
var_134__rankgauss,0.0010522267392147184,3.1703986844942267
var_77__rankgauss,0.0010384360173072804,3.1288467214390048
var_117__rankgauss,0.0010318974943406881,3.1091459061686284
var_3__freq,0.0010295486302530552,3.1020686904546038
var_187__woe,0.0010046944660474712,3.0271821602373676
var_23__rankgauss,0.0009955495147975456,2.999628078657797
var_8__rankgauss,0.000979659284156368,2.9517502169350505
var_198__woe,0.0009745356862565113,2.936312624032112
var_91__freq,0.0009720322918572057,2.9287698026852107
var_192__woe,0.0009541968325344888,2.875030893886626
var_27__rankgauss,0.0009503227693578709,2.863358196034485
var_122__freq,0.000944811980484608,2.8467539821866628
var_146__woe,0.0009336973311642439,2.8132651263434862
var_99__freq,0.0009333763320202766,2.812297943866716
var_182__rankgauss,0.0009322601719249054,2.808934911578931
var_17__rankgauss,0.0009302362389444108,2.802836725494387
var_63__rankgauss,0.0009288320434515463,2.7986058317360007
var_148__woe,0.0009194662296115593,2.7703862828774795
var_152__rankgauss,0.0009024745522729668,2.7191897208875915
var_82__rankgauss,0.0008941664026105163,2.694156953919445
var_172__woe,0.0008891594610621164,2.679070850984793
var_72__rankgauss,0.000875242675629572,2.6371390537937662
var_168__rankgauss,0.0008673037397754969,2.6132187418970854
var_189__woe,0.000856135728434591,2.5795691042818607
var_101__woe,0.0008329796925495474,2.5097990984722456
var_24__woe,0.0008175634463032259,2.4633493695329745
var_108__woe,0.0008152397688594486,2.4563480421228396
var_42__woe,0.0008039617787768371,2.4223670344283055
var_104__rankgauss,0.0008019004423502002,2.416156150355746
var_136__rankgauss,0.0007795566180282465,2.3488333684905376
var_61__woe,0.0007700983687788174,2.3203353082717033
var_62__rankgauss,0.0007636013443439811,2.3007595296360983
var_199__freq,0.0007553148837812879,2.2757921127401146
var_61__rankgauss,0.0007525041297554868,2.267323205294855
var_138__rankgauss,0.0007408258734077046,2.2321361803102713
var_7__freq,0.0007375379598406737,2.2222295732462602
var_88__rankgauss,0.0006990302574811115,2.1062044197752856
var_49__woe,0.0006915828906657888,2.0837652238545794
var_100__rankgauss,0.0006910157086974036,2.0820562832817715
var_105__rankgauss,0.0006769926106962546,2.039804162328681
var_97__freq,0.0006756286128545897,2.0356943856030916
var_171__woe,0.000670058902441622,2.01891263894318
var_123__woe,0.0006594112949689359,1.9868309977280858
var_64__rankgauss,0.0006566646518105136,1.9785552587340967
var_153__freq,0.0006323793193019791,1.9053826397840938
var_96__woe,0.0006303748018053288,1.8993429532815735
var_16__rankgauss,0.0006258592249693348,1.8857373506799404
var_168__woe,0.0005827063733584717,1.7557161880535677
var_159__rankgauss,0.0005775092761326976,1.7400571389211725
var_143__rankgauss,0.0005564089136907689,1.676480954402076
var_84__woe,0.0005504115861348585,1.6584107812301518
var_39__woe,0.000543378386071576,1.6372194852885027
var_149__woe,0.0005218779776364717,1.5724379471671515
var_188__woe,0.0004982601254668763,1.5012764715474136
var_196__woe,0.0004969482235754357,1.4973236618764556
var_39__rankgauss,0.00045213229853341457,1.3622915965407523
var_181__rankgauss,0.0004467569569552692,1.346095490480211
var_74__woe,0.00043791755870186295,1.319462051555028
var_45__rankgauss,0.00043701823611937336,1.3167523588374785
var_120__rankgauss,0.0004358362860088718,1.3131910987631825
var_133__woe,0.0004320675603682756,1.301835786863313
var_185__woe,0.00041928816936106985,1.263331001793776
var_50__rankgauss,0.0004158561745673703,1.2529902725824498
var_54__rankgauss,0.00041352535462304657,1.2459674245499128
var_15__rankgauss,0.00040793469694673225,1.2291225629988063
var_173__freq,0.0004023777050075143,1.2123791375779793
var_113__rankgauss,0.00038278120556332266,1.1533341487527342
var_38__woe,0.00037859295561889247,1.1407147943690352
var_9__woe,0.00036761538676427036,1.10763896711757
var_177__woe,0.00036012953907559053,1.0850838268801846
var_7__woe,0.00034973561152061897,1.0537665327848045
var_63__woe,0.00032863864277657553,0.9902005736048959
var_44__woe,0.0,0.0
var_127__woe,0.0,0.0
var_33__woe,0.0,0.0
var_78__woe,0.0,0.0
var_157__woe,0.0,0.0
var_18__woe,0.0,0.0
var_94__woe,0.0,0.0
var_173__woe,0.0,0.0
var_184__freq,0.0,0.0
var_19__freq,0.0,0.0
var_69__freq,0.0,0.0
var_21__woe,0.0,0.0
var_155__woe,0.0,0.0
var_93__freq,0.0,0.0
var_15__freq,0.0,0.0
var_84__rankgauss,0.0,0.0
var_15__woe,0.0,0.0
var_71__woe,0.0,0.0
var_16__woe,0.0,0.0
var_36__freq,0.0,0.0
var_31__woe,0.0,0.0
var_6__freq,0.0,0.0
var_81__freq,0.0,0.0
var_176__woe,0.0,0.0
var_163__woe,0.0,0.0
var_66__freq,0.0,0.0
var_36__woe,0.0,0.0
var_85__woe,0.0,0.0
var_56__woe,0.0,0.0
var_133__freq,0.0,0.0
var_151__woe,0.0,0.0
var_3__woe,0.0,0.0
var_125__freq,0.0,0.0
var_197__woe,0.0,0.0
var_83__woe,0.0,0.0
var_166__freq,0.0,0.0
var_70__woe,0.0,0.0
var_32__woe,0.0,0.0
var_111__woe,0.0,0.0
var_106__woe,0.0,0.0
var_186__woe,0.0,0.0
var_66__woe,0.0,0.0
var_142__rankgauss,0.0,0.0
var_31__freq,0.0,0.0
var_145__woe,0.0,0.0
var_88__woe,0.0,0.0
var_144__woe,0.0,0.0
var_191__freq,0.0,0.0
var_22__freq,0.0,0.0
var_79__woe,0.0,0.0
var_140__rankgauss,0.0,0.0
var_116__freq,0.0,0.0
var_8__woe,0.0,0.0
var_152__woe,0.0,0.0
var_181__freq,0.0,0.0
var_197__freq,0.0,0.0
var_92__woe,0.0,0.0
var_5__woe,0.0,0.0
var_52__woe,0.0,0.0
var_54__woe,0.0,0.0
var_67__woe,0.0,0.0
var_162__woe,0.0,0.0
var_118__woe,0.0,0.0
var_119__woe,0.0,0.0
var_156__woe,0.0,0.0
var_159__woe,0.0,0.0
var_186__freq,0.0,0.0
var_199__woe,0.0,0.0
var_91__woe,0.0,0.0
var_43__freq,0.0,0.0
var_195__woe,0.0,0.0
var_55__woe,0.0,0.0
var_138__woe,0.0,0.0
var_16__freq,0.0,0.0
var_28__freq,0.0,0.0
var_116__woe,0.0,0.0
var_59__freq,0.0,0.0
var_19__rankgauss,0.0,0.0
var_150__woe,0.0,0.0
var_179__freq,0.0,0.0
var_106__freq,0.0,0.0
var_45__woe,0.0,0.0
var_146__freq,0.0,0.0
var_2__freq,0.0,0.0
var_25__rankgauss,0.0,0.0
var_48__woe,0.0,0.0
var_73__woe,0.0,0.0
var_162__freq,0.0,0.0
var_4__freq,0.0,0.0
var_42__rankgauss,0.0,0.0
var_72__woe,0.0,0.0
var_114__woe,0.0,0.0
var_130__woe,0.0,0.0
var_132__woe,0.0,0.0
var_185__rankgauss,0.0,0.0
var_53__freq,0.0,0.0
var_105__freq,0.0,0.0
var_112__freq,0.0,0.0
var_130__freq,0.0,0.0
var_192__freq,0.0,0.0
var_141__woe,0.0,0.0
var_4__rankgauss,0.0,0.0
var_144__freq,0.0,0.0
var_158__woe,0.0,0.0
var_142__woe,0.0,0.0
var_13__woe,0.0,0.0
var_107__woe,0.0,0.0
var_93__woe,0.0,0.0
var_164__woe,0.0,0.0
var_58__woe,0.0,0.0
var_90__woe,0.0,0.0
var_167__woe,0.0,0.0
var_154__woe,0.0,0.0
var_121__woe,0.0,0.0
var_184__woe,0.0,0.0
var_28__woe,0.0,0.0
var_78__freq,0.0,0.0
var_95__freq,0.0,0.0
var_129__woe,0.0,0.0
var_171__rankgauss,0.0,0.0
var_112__rankgauss,0.0,0.0
var_183__rankgauss,0.0,0.0
var_52__freq,0.0,0.0
var_65__woe,0.0,0.0
var_60__woe,0.0,0.0
var_115__freq,0.0,0.0
var_64__freq,0.0,0.0
var_111__freq,0.0,0.0
var_65__freq,0.0,0.0
var_121__freq,0.0,0.0
var_101__rankgauss,0.0,0.0
var_140__woe,0.0,0.0
var_62__freq,0.0,0.0
var_98__freq,0.0,0.0
var_37__woe,0.0,0.0
var_178__woe,0.0,0.0
var_0__freq,0.0,0.0
var_123__freq,0.0,0.0
var_45__freq,0.0,0.0
var_9__freq,0.0,0.0
var_34__freq,0.0,0.0
var_193__freq,0.0,0.0
var_40__freq,0.0,0.0
var_195__freq,0.0,0.0
var_10__rankgauss,0.0,0.0
var_156__freq,0.0,0.0
var_177__freq,0.0,0.0
var_29__rankgauss,0.0,0.0
var_71__freq,0.0,0.0
var_85__freq,0.0,0.0
var_23__freq,0.0,0.0
var_120__woe,0.0,0.0
var_114__freq,0.0,0.0
var_174__freq,0.0,0.0
var_75__freq,0.0,0.0
var_14__rankgauss,0.0,0.0
var_10__woe,0.0,0.0
var_193__woe,0.0,0.0
var_149__freq,0.0,0.0
var_164__freq,0.0,0.0
var_169__freq,0.0,0.0
var_138__freq,0.0,0.0
var_189__rankgauss,0.0,0.0
var_157__freq,0.0,0.0
var_47__woe,0.0,0.0
var_175__freq,0.0,0.0
var_158__freq,0.0,0.0
var_104__freq,0.0,0.0
var_4__woe,0.0,0.0
var_46__rankgauss,0.0,0.0
var_44__freq,0.0,0.0
var_50__woe,0.0,0.0
var_161__rankgauss,0.0,0.0
var_57__freq,0.0,0.0
var_118__freq,0.0,0.0
var_125__woe,0.0,0.0
var_51__woe,0.0,0.0
var_131__freq,0.0,0.0
var_88__freq,0.0,0.0
var_32__freq,0.0,0.0
var_181__woe,0.0,0.0
var_10__freq,0.0,0.0
var_153__woe,0.0,0.0
var_105__woe,0.0,0.0
var_113__freq,0.0,0.0
var_113__woe,0.0,0.0
var_188__freq,0.0,0.0
var_98__rankgauss,0.0,0.0
var_61__freq,0.0,0.0
var_126__woe,0.0,0.0
var_7__rankgauss,0.0,0.0
var_89__freq,0.0,0.0
var_29__freq,0.0,0.0
var_193__rankgauss,0.0,0.0
var_68__woe,0.0,0.0
var_33__freq,0.0,0.0
var_86__freq,0.0,0.0
var_64__woe,0.0,0.0
var_135__woe,0.0,0.0
var_180__freq,0.0,0.0
var_42__freq,0.0,0.0
var_37__freq,0.0,0.0
var_183__woe,0.0,0.0
var_128__freq,0.0,0.0
var_27__woe,0.0,0.0
var_87__freq,0.0,0.0
var_14__freq,0.0,0.0
var_41__rankgauss,0.0,0.0
var_103__woe,0.0,0.0
var_160__rankgauss,0.0,0.0
var_152__freq,0.0,0.0
var_154__freq,0.0,0.0
var_57__rankgauss,0.0,0.0
var_102__woe,0.0,0.0
var_23__woe,0.0,0.0
var_30__woe,0.0,0.0
var_25__woe,0.0,0.0
var_2__woe,0.0,0.0
var_172__freq,0.0,0.0
var_60__freq,0.0,0.0
var_150__freq,0.0,0.0
var_104__woe,0.0,0.0
var_109__freq,0.0,0.0
var_65__rankgauss,0.0,0.0
var_145__freq,0.0,0.0
var_176__freq,0.0,0.0
var_30__rankgauss,0.0,0.0
var_119__freq,0.0,0.0
var_163__freq,0.0,0.0
var_124__rankgauss,0.0,0.0
var_82__woe,0.0,0.0
var_24__freq,0.0,0.0
var_69__woe,0.0,0.0
var_80__freq,0.0,0.0
var_198__freq,0.0,0.0
var_127__freq,0.0,0.0
var_100__woe,0.0,0.0
var_134__freq,0.0,0.0
var_72__freq,0.0,0.0
var_46__freq,0.0,0.0
var_182__woe,0.0,0.0
var_57__woe,0.0,0.0
var_143__woe,0.0,0.0
var_25__freq,0.0,0.0
var_161__woe,0.0,0.0
var_62__woe,0.0,0.0
var_55__freq,0.0,0.0
var_26__freq,0.0,0.0
var_168__freq,0.0,0.0
var_161__freq,0.0,0.0
var_102__freq,0.0,0.0
var_43__woe,0.0,0.0
var_100__freq,0.0,0.0
var_79__rankgauss,0.0,0.0
var_47__rankgauss,0.0,0.0
var_190__freq,0.0,0.0
var_196__freq,0.0,0.0
var_103__freq,0.0,0.0
var_83__freq,0.0,0.0
var_59__rankgauss,0.0,0.0
var_134__woe,0.0,0.0
var_29__woe,0.0,0.0
var_175__woe,0.0,0.0
var_41__woe,0.0,0.0
var_94__freq,0.0,0.0
var_56__freq,0.0,0.0
var_73__freq,0.0,0.0
var_67__freq,0.0,0.0
var_63__freq,0.0,0.0
var_77__freq,0.0,0.0
var_178__freq,0.0,0.0
var_159__freq,0.0,0.0
var_120__freq,0.0,0.0
var_47__freq,0.0,0.0
var_17__woe,0.0,0.0
var_46__woe,0.0,0.0
var_132__freq,0.0,0.0
var_129__rankgauss,0.0,0.0
var_189__freq,0.0,0.0
var_124__woe,0.0,0.0
var_194__freq,0.0,0.0
var_17__freq,0.0,0.0
var_171__freq,0.0,0.0
var_49__freq,0.0,0.0
var_143__freq,0.0,0.0
var_18__freq,0.0,0.0
var_142__freq,0.0,0.0
var_140__freq,0.0,0.0
var_185__freq,0.0,0.0
var_48__freq,0.0,0.0
var_110__freq,0.0,0.0
var_19__woe,0.0,0.0
var_21__freq,0.0,0.0
var_160__woe,0.0,0.0
var_54__freq,0.0,0.0
var_151__freq,0.0,0.0
var_50__freq,0.0,0.0
var_147__freq,0.0,0.0
var_117__woe,0.0,0.0
var_20__woe,0.0,0.0
var_141__freq,0.0,0.0
var_38__rankgauss,0.0,0.0
var_13__freq,0.0,0.0
var_74__freq,0.0,0.0
var_117__freq,0.0,0.0
var_136__freq,0.0,0.0
var_8__freq,0.0,0.0
var_97__woe,0.0,0.0
var_68__freq,0.0,0.0
var_70__freq,0.0,0.0
var_58__freq,0.0,0.0
var_5__freq,0.0,0.0
var_92__freq,0.0,0.0
var_187__freq,0.0,0.0
var_84__freq,0.0,0.0
var_170__freq,0.0,0.0
var_1__freq,0.0,0.0
var_137__freq,0.0,0.0
var_135__freq,0.0,0.0
var_14__woe,0.0,0.0
var_20__freq,0.0,0.0
var_90__freq,0.0,0.0
var_139__freq,0.0,0.0
var_129__freq,0.0,0.0
var_167__freq,0.0,0.0
var_179__woe,0.0,0.0
var_40__woe,0.0,0.0
var_53__woe,0.0,0.0
var_12__woe,0.0,0.0
var_139__woe,0.0,0.0
var_1__woe,0.0,0.0
var_76__freq,0.0,0.0
var_38__freq,0.0,0.0
var_11__freq,0.0,0.0
var_107__freq,0.0,0.0
var_96__freq,0.0,0.0
var_158__rankgauss,0.0,0.0
var_39__freq,0.0,0.0
var_160__freq,0.0,0.0
var_165__freq,0.0,0.0
var_82__freq,0.0,0.0
var_128__woe,0.0,0.0
var_182__freq,0.0,0.0
var_124__freq,0.0,0.0
var_103__rankgauss,0.0,0.0
var_136__woe,0.0,0.0
var_183__freq,0.0,0.0
var_79__freq,0.0,0.0
var_155__freq,0.0,0.0
var_51__freq,0.0,0.0
var_35__freq,0.0,0.0
var_148__freq,0.0,0.0
var_86__woe,0.0,0.0
var_191__woe,0.0,0.0
var_22__woe,0.0,0.0
var_165__woe,0.0,0.0
var_35__woe,0.0,0.0
var_190__woe,0.0,0.0
var_26__woe,0.0,0.0
var_0__woe,0.0,0.0
var_169__woe,0.0,0.0
var_109__woe,0.0,0.0
var_41__freq,0.0,0.0
