k,alpha_rel,complexity,cv_neg_auc,cv_se,cv_auc,cv_log_loss,val_auc_tuning_fit,cv_error_pooled_youden,n_leaves,is_cv_min,is_one_se,is_one_se_plain
10,0.0,2.0,-1.0,0.0,1.0,0.00010000500033334732,1.0,0.0,2,True,True,True
10,1e-05,2.0,-1.0,0.0,1.0,0.00010000500033334732,1.0,0.0,2,False,False,False
10,3e-05,2.0,-1.0,0.0,1.0,0.00010000500033334732,1.0,0.0,2,False,False,False
10,0.0001,2.0,-1.0,0.0,1.0,0.00010000500033334732,1.0,0.0,2,False,False,False
10,0.0003,2.0,-1.0,0.0,1.0,0.00010000500033334732,1.0,0.0,2,False,False,False
10,0.001,2.0,-1.0,0.0,1.0,0.00010000500033334732,1.0,0.0,2,False,False,False
10,0.003,2.0,-1.0,0.0,1.0,0.00010000500033334732,1.0,0.0,2,False,False,False
10,0.01,2.0,-1.0,0.0,1.0,0.00010000500033334732,1.0,0.0,2,False,False,False
20,0.0,2.0,-1.0,0.0,1.0,0.00010000500033334732,1.0,0.0,2,False,False,False
20,1e-05,2.0,-1.0,0.0,1.0,0.00010000500033334732,1.0,0.0,2,False,False,False
20,3e-05,2.0,-1.0,0.0,1.0,0.00010000500033334732,1.0,0.0,2,False,False,False
20,0.0001,2.0,-1.0,0.0,1.0,0.00010000500033334732,1.0,0.0,2,False,False,False
20,0.0003,2.0,-1.0,0.0,1.0,0.00010000500033334732,1.0,0.0,2,False,False,False
20,0.001,2.0,-1.0,0.0,1.0,0.00010000500033334732,1.0,0.0,2,False,False,False
20,0.003,2.0,-1.0,0.0,1.0,0.00010000500033334732,1.0,0.0,2,False,False,False
20,0.01,2.0,-1.0,0.0,1.0,0.00010000500033334732,1.0,0.0,2,False,False,False
40,0.0,2.0,-1.0,0.0,1.0,0.00010000500033334732,1.0,0.0,2,False,False,False
40,1e-05,2.0,-1.0,0.0,1.0,0.00010000500033334732,1.0,0.0,2,False,False,False
40,3e-05,2.0,-1.0,0.0,1.0,0.00010000500033334732,1.0,0.0,2,False,False,False
40,0.0001,2.0,-1.0,0.0,1.0,0.00010000500033334732,1.0,0.0,2,False,False,False
40,0.0003,2.0,-1.0,0.0,1.0,0.00010000500033334732,1.0,0.0,2,False,False,False
40,0.001,2.0,-1.0,0.0,1.0,0.00010000500033334732,1.0,0.0,2,False,False,False
40,0.003,2.0,-1.0,0.0,1.0,0.00010000500033334732,1.0,0.0,2,False,False,False
40,0.01,2.0,-1.0,0.0,1.0,0.00010000500033334732,1.0,0.0,2,False,False,False
80,0.0,2.0,-1.0,0.0,1.0,0.00010000500033334732,1.0,0.0,2,False,False,False
80,1e-05,2.0,-1.0,0.0,1.0,0.00010000500033334732,1.0,0.0,2,False,False,False
80,3e-05,2.0,-1.0,0.0,1.0,0.00010000500033334732,1.0,0.0,2,False,False,False
80,0.0001,2.0,-1.0,0.0,1.0,0.00010000500033334732,1.0,0.0,2,False,False,False
80,0.0003,2.0,-1.0,0.0,1.0,0.00010000500033334732,1.0,0.0,2,False,False,False
80,0.001,2.0,-1.0,0.0,1.0,0.00010000500033334732,1.0,0.0,2,False,False,False
80,0.003,2.0,-1.0,0.0,1.0,0.00010000500033334732,1.0,0.0,2,False,False,False
80,0.01,2.0,-1.0,0.0,1.0,0.00010000500033334732,1.0,0.0,2,False,False,False
