trees,eval_mse,oob_mse
1,0.027974968605779242,0.011340159489393094
7,0.026877983850535705,0.010734962623068063
14,0.026824020629317512,0.010401064367881522
21,0.026813507493812814,0.010309374325779486
28,0.026794842003302826,0.010261760982684439
35,0.026817514145521967,0.010239866287175206
42,0.026813438314139005,0.010220279042106612
49,0.026823489056358056,0.01020734518880747
55,0.02681913690727696,0.010206823270081572
62,0.026810218447412493,0.010204382041787417
69,0.02681437898580412,0.010201287020816793
76,0.026813243827954754,0.01019385613373028
83,0.02681259705387711,0.010185162288756011
90,0.02681229457978035,0.010180198992245025
97,0.026808334463647627,0.01017859411398513
103,0.026813194103267466,0.010175366017284429
110,0.026805522796483575,0.01017349503864411
117,0.026803459884184172,0.010172362231015496
124,0.02680694956574032,0.010169152644966446
131,0.02680968347308381,0.010168774398826718
138,0.02680994622198563,0.010167014904400945
145,0.026809346837527944,0.010166245126153276
151,0.026806085629287178,0.01016518259693869
158,0.026806613452895624,0.01016431359122258
165,0.026806112708153897,0.01016350690153549
172,0.026804188191704086,0.010163083328428617
179,0.026803939671289783,0.01016257921942446
186,0.026801335943053454,0.010162514458472067
193,0.026800085268093368,0.010160357865442384
200,0.026800812506701598,0.010161402182904164
