,pct_missing
buildingclasstypeid,99.9797516198704
finishedsquarefeet13,99.96336007405122
basementsqft,99.94793273680963
storytypeid,99.94793273680963
yardbuildingsqft26,99.90068651650725
fireplaceflag,99.74352051835854
architecturalstyletypeid,99.69916692378895
typeconstructiontypeid,99.65963437210738
finishedsquarefeet6,99.52368096266584
decktypeid,99.26912989817957
poolsizesum,98.94997685899413
pooltypeid10,98.81402344955261
pooltypeid2,98.69542579450787
taxdelinquencyyear,97.6762573279852
taxdelinquencyflag,97.6762573279852
hashottuborspa,97.50944924406048
yardbuildingsqft17,97.10641005862388
finishedsquarefeet15,95.98407127429806
finishedsquarefeet50,92.44831842024067
finishedfloor1squarefeet,92.44831842024067
fireplacecnt,89.49880438136377
threequarterbathnbr,86.77587935822277
pooltypeid7,81.46598272138229
poolcnt,80.15755168157976
numberofstories,77.3266352977476
airconditioningtypeid,68.1435128046899
garagetotalsqft,67.0076751002777
garagecarcnt,67.0076751002777
regionidneighborhood,60.15022369639
heatingorsystemtypeid,37.61184819500154
buildingqualitytypeid,36.26870564640543
propertyzoningdesc,35.23314563406356
unitcnt,35.16372261647639
lotsizesquarefeet,11.20988892317186
finishedsquarefeet12,5.209618944770133
regionidcity,1.9766275840789878
calculatedbathnbr,1.2447932736809628
fullbathcnt,1.2447932736809628
yearbuilt,0.7771521135452021
calculatedfinishedsquarefeet,0.6807312557852514
censustractandblock,0.6238429497068806
structuretaxvaluedollarcnt,0.4020749768589941
regionidzip,0.054959888923171864
taxamount,0.01735575439679111
propertycountylandusecode,0.010606294353594569
landtaxvaluedollarcnt,0.010606294353594569
taxvaluedollarcnt,0.010606294353594569
bedroomcnt,0.009642085775995063
bathroomcnt,0.009642085775995063
longitude,0.009642085775995063
latitude,0.009642085775995063
fips,0.009642085775995063
propertylandusetypeid,0.009642085775995063
roomcnt,0.009642085775995063
regionidcounty,0.009642085775995063
rawcensustractandblock,0.009642085775995063
assessmentyear,0.009642085775995063
