variable,x,f,se
cnt__woe,-0.33428892493247986,-3.856043429934739,1.5219310119219707
cnt__woe,-0.30069274071491126,-3.7609283879159974,8.659966531965848
cnt__woe,-0.26709655649734265,-3.667598096988517,16.789557317783633
cnt__woe,-0.23350037227977405,-3.5758835600159884,24.62126133493281
cnt__woe,-0.19990418806220545,-3.4856158007996245,32.127828648629176
cnt__woe,-0.16630800384463684,-3.3966258431406327,39.308002574794514
cnt__woe,-0.13271181962706824,-3.308744710840224,46.16492054234968
cnt__woe,-0.09911563540949964,-3.2218034276996073,52.70298022004954
cnt__woe,-0.06551945119193103,-3.1356330175199933,58.92705263540679
cnt__woe,-0.03192326697436243,-3.0500645041025916,64.84221937675025
cnt__woe,0.0016729172432061734,-2.9649289112486112,70.45366736578177
cnt__woe,0.03526910146077478,-2.880057262759261,75.76664099751422
cnt__woe,0.06886528567834338,-2.7952805824357534,80.7864182008664
cnt__woe,0.10246146989591198,-2.7104298940792972,85.51829754488962
cnt__woe,0.1360576541134806,-2.625336221491101,89.96759086965722
cnt__woe,0.1696538383310492,-2.539830588472376,94.1396188643576
cnt__woe,0.2032500225486178,-2.453744018824331,98.03970830349873
cnt__woe,0.2368462067661864,-2.366907536348177,101.67319025862314
cnt__woe,0.270442390983755,-2.2791521648451223,105.04539890625225
cnt__woe,0.3040385752013236,-2.1903089281163766,108.1616707124528
cnt__woe,0.3376347594188922,-2.1002088499631513,111.02734386225119
cnt__woe,0.3712309436364608,-2.0086829541866553,113.64775785231843
cnt__woe,0.4048271278540294,-1.9155622645880979,116.02825319501498
cnt__woe,0.438423312071598,-1.8206778049686898,118.17417119994138
cnt__woe,0.4720194962891666,-1.7238605991296398,120.09085381043165
cnt__woe,0.5056156805067352,-1.624941670872159,121.78364347964964
cnt__woe,0.5392118647243038,-1.5237520439974555,123.25788307567562
cnt__woe,0.5728080489418724,-1.4201227423067397,124.5189158081207
cnt__woe,0.606404233159441,-1.313884789601222,125.57208517094723
cnt__woe,0.6400004173770096,-1.2048692096821123,126.42273489764794
cnt__woe,0.6735966015945782,-1.0929070263506184,127.07620892597521
cnt__woe,0.707192785812147,-0.9778292634079526,127.53785137014408
cnt__woe,0.7407889700297154,-0.8594669446553239,127.81300649896575
cnt__woe,0.7743851542472839,-0.7376510938939415,127.90701871875575
cnt__woe,0.8079813384648526,-0.6122127349250152,127.82523256014846
cnt__woe,0.8415775226824214,-0.4829828915497541,127.57299266816531
cnt__woe,0.8751737068999899,-0.34979258756937065,127.15564379505032
cnt__woe,0.9087698911175583,-0.21247284678507194,126.57853079551354
cnt__woe,0.9423660753351271,-0.07085469299806835,125.8469986241264
cnt__woe,0.9759622595526958,0.07523084999043039,124.96639233469509
cnt__woe,1.0095584437702643,0.22595275837921291,123.9420570815083
cnt__woe,1.0431546279878328,0.3814800083670704,122.77933812241676
cnt__woe,1.0767508122054015,0.5419815761527946,121.48358082375728
cnt__woe,1.1103469964229702,0.7076264379351747,120.06013066718613
cnt__woe,1.1439431806405387,0.878583569913,118.51433325853988
cnt__woe,1.1775393648581072,1.0550219482850605,116.8515343388953
cnt__woe,1.2111355490756759,1.2371105492501493,115.0770797980591
cnt__woe,1.2447317332932446,1.425018349007055,113.19631569078231
cnt__woe,1.278327917510813,1.6189143237545651,111.21458825606976
cnt__woe,1.3119241017283816,1.8189674496914727,109.13724394003926
cnt__woe,1.3455202859459503,2.0253467030165697,106.9696294228888
cnt__woe,1.379116470163519,2.238221059928643,104.7170916506496
cnt__woe,1.4127126543810875,2.4577594966264833,102.38497787254981
cnt__woe,1.446308838598656,2.6841309893088807,99.97863568499132
cnt__woe,1.4799050228162247,2.9175045141746296,97.5034130833588
cnt__woe,1.5135012070337934,3.158049047422516,94.96465852314675
cnt__woe,1.547097391251362,3.405933565251329,92.36772099222044
cnt__woe,1.5806935754689304,3.661327043859862,89.71795009643586
cnt__woe,1.6142897596864991,3.924398459446904,87.02069616135553
cnt__woe,1.6478859439040678,4.195316788211246,84.28131035343837
cnt__woe,1.6814821281216363,4.474251006351677,81.5051448248906
cnt__woe,1.7150783123392048,4.761370090066986,78.69755288739073
cnt__woe,1.7486744965567738,5.05684301555597,75.86388922120659
cnt__woe,1.7822706807743423,5.36083875901741,73.00951012789633
cnt__woe,1.8158668649919107,5.673526296650099,70.13977383693882
cnt__woe,1.8494630492094792,5.99507460465283,67.26004087943143
cnt__woe,1.8830592334270477,6.325652659224392,64.37567454563063
cnt__woe,1.9166554176446167,6.665429436563581,61.49204144788194
cnt__woe,1.9502516018621852,7.014573912869174,58.61451221678661
cnt__woe,1.9838477860797537,7.37325506433997,55.748462366823276
cnt__woe,2.0174439702973226,7.741641867174762,52.89927337885239
cnt__woe,2.051040154514891,8.119903297572332,50.07233406204413
cnt__woe,2.0846363387324596,8.508208331731472,47.27304227830528
cnt__woe,2.118232522950028,8.906725945850978,44.50680714040487
cnt__woe,2.1518287071675966,9.315625116129633,41.779051833820795
cnt__woe,2.1854248913851655,9.735074818766241,39.09521726636955
cnt__woe,2.219021075602734,10.165244029959572,36.460766825523585
cnt__woe,2.2526172598203025,10.606301725908427,33.88119263063571
cnt__woe,2.2862134440378714,11.058416882811606,31.362023820345403
cnt__woe,2.31980962825544,11.521758476867879,28.908837635310963
cnt__woe,2.3534058124730084,11.996495484276046,26.527274374174077
cnt__woe,2.387001996690577,12.482796881234897,24.223057761709015
cnt__woe,2.4205981809081454,12.980831643943224,22.002022937222197
cnt__woe,2.4541943651257143,13.490768748599821,19.87015523646059
cnt__woe,2.487790549343283,14.012777171403464,17.833644308120043
cnt__woe,2.5213867335608513,14.547025888552955,15.898959967021979
cnt__woe,2.5549829177784202,15.093683876247088,14.072958490338403
cnt__woe,2.5885791019959887,15.652920110684644,12.363030248682488
cnt__woe,2.622175286213557,16.224903568064413,10.777299538187771
cnt__woe,2.6557714704311257,16.80980322458518,9.324879039967152
cnt__woe,2.689367654648694,17.407788056445757,8.016148291928083
cnt__woe,2.722963838866263,18.019027039844914,6.86293116172962
cnt__woe,2.7565600230838316,18.64368915098145,5.878227426154235
cnt__woe,2.7901562073014,19.281943366054154,5.074769223482045
cnt__woe,2.823752391518969,19.933958661261816,4.461380131896539
cnt__woe,2.8573485757365376,20.59990401280322,4.036958067182556
cnt__woe,2.890944759954106,21.279948396877163,3.7850579206809862
cnt__woe,2.9245409441716745,21.974260789682432,3.6750008283440105
cnt__woe,2.958137128389243,22.683010167417823,3.6718473331722197
cnt__woe,2.9917333126068115,23.406365506282118,3.7495183992657752
rn__woe,-0.5524686574935913,0.34808696426720565,1.6757918372825529
rn__woe,-0.5269295422717778,0.34880733824293075,1.6338737408230903
rn__woe,-0.5013904270499644,0.3495027663214695,1.6280960991152575
rn__woe,-0.4758513118281509,0.3501571809586178,1.6574294787046837
rn__woe,-0.4503121966063374,0.3507552022495227,1.7187463250711976
rn__woe,-0.42477308138452397,0.35128145028933033,1.8075518392565495
rn__woe,-0.39923396616271045,0.3517205451731883,1.9188749041869122
rn__woe,-0.373694850940897,0.35205710699624293,2.0479654197790533
rn__woe,-0.34815573571908354,0.35227575585364035,2.1906711267591152
rn__woe,-0.3226166204972701,0.352361111840528,2.343550948090658
rn__woe,-0.2970775052754566,0.3522977950520526,2.5038361510348364
rn__woe,-0.2715383900536431,0.3520704255833603,2.669328647167694
rn__woe,-0.24599927483182965,0.3516636235295979,2.8382877150037156
rn__woe,-0.2204601596100162,0.35106200898591255,3.0093280076797764
rn__woe,-0.19492104438820268,0.35025020204745083,3.1813358923333594
rn__woe,-0.16938192916638922,0.34921282280935906,3.3534039708397825
rn__woe,-0.14384281394457576,0.3479344913667849,3.52478105051199
rn__woe,-0.11830369872276231,0.34639982781487355,3.6948343570941358
rn__woe,-0.09276458350094885,0.3445934522487727,3.863021114477304
rn__woe,-0.06722546827913534,0.3424999847636284,4.028867167346853
rn__woe,-0.041686353057321934,0.3401040454545886,4.1919508597359965
rn__woe,-0.01614723783550842,0.3373902544167985,4.351890829341887
rn__woe,0.009391877386305092,0.33434323174540614,4.508336724803754
rn__woe,0.034930992608118494,0.330947597535557,4.660962114005906
rn__woe,0.06047010782993201,0.3271879718823988,4.8094590440099045
rn__woe,0.08600922305174552,0.323048974881078,4.9535338542125
rn__woe,0.11154833827355892,0.3185152266267409,5.0929039473384785
rn__woe,0.13708745349537244,0.31357134721453395,5.2272952982421135
rn__woe,0.16262656871718595,0.30820195673960493,5.356440535834983
rn__woe,0.18816568393899935,0.30239167529709954,5.480077474322999
rn__woe,0.21370479916081286,0.296125122982165,5.597948000317613
rn__woe,0.23924391438262627,0.28938691988994825,5.7097972451609955
rn__woe,0.2647830296044398,0.2821616861155952,5.815372989045417
rn__woe,0.2903221448262533,0.2744340417542531,5.914425256713123
rn__woe,0.3158612600480667,0.2661886069010687,6.006706074789062
rn__woe,0.3414003752698802,0.2574100016511881,6.09196936893059
rn__woe,0.3669394904916936,0.24808284609975906,6.1699709855780975
rn__woe,0.3924786057135071,0.23819187657895113,6.2404704953147725
rn__woe,0.41801772093532064,0.22773050774029446,6.303354496051119
rn__woe,0.44355683615713404,0.2167066894309292,6.358722386455175
rn__woe,0.46909595137894744,0.2051297576917297,6.406698235360525
rn__woe,0.49463506660076106,0.19300904856357082,6.447410172355899
rn__woe,0.5201741818225745,0.18035389808732727,6.480989740079228
rn__woe,0.5457132970443879,0.16717364230387355,6.507571358613848
rn__woe,0.5712524122662015,0.15347761725408426,6.527291882445949
rn__woe,0.5967915274880149,0.13927515897883425,6.540290234674005
rn__woe,0.6223306427098283,0.12457560351899799,6.546707106477374
rn__woe,0.6478697579316419,0.10938828691544988,6.546684712479033
rn__woe,0.6734088731534553,0.09372254520906509,6.5403665947457545
rn__woe,0.6989479883752687,0.0775877144407181,6.527897469885568
rn__woe,0.7244871035970823,0.06099313065128331,6.509423115124605
rn__woe,0.7500262188188958,0.043948129881635434,6.485090290448885
rn__woe,0.7755653340407092,0.02646204817264952,6.455046694940454
rn__woe,0.8011044492625228,0.008544221565199517,6.419440956369825
rn__woe,0.8266435644843362,-0.009796013899839084,6.3784226539669895
rn__woe,0.8521826797061496,-0.02854932218159234,6.332142375115214
rn__woe,0.8777217949279632,-0.04770636723918542,6.280751807525792
rn__woe,0.9032609101497766,-0.0672578130317435,6.224403869285047
rn__woe,0.92880002537159,-0.08719432351839218,6.16325288004473
rn__woe,0.9543391405934034,-0.10750656265825664,6.097454777580474
rn__woe,0.979878255815217,-0.12818519441046228,6.027167384998784
rn__woe,1.0054173710370304,-0.14922088273413425,5.952550735062101
rn__woe,1.0309564862588438,-0.17060429158839818,5.873767459457581
rn__woe,1.0564956014806575,-0.19232608493237957,5.790983252396401
rn__woe,1.0820347167024709,-0.21437692672520337,5.704367419738718
rn__woe,1.1075738319242843,-0.23674748092599512,5.6140935269421846
rn__woe,1.133112947146098,-0.25942841149388035,5.52034016158096
rn__woe,1.1586520623679113,-0.2824103823879841,5.423291829032892
rn__woe,1.1841911775897247,-0.30568405756743183,5.323140003242333
rn__woe,1.2097302928115383,-0.32924010099134915,5.220084358289045
rn__woe,1.2352694080333517,-0.3530691766188609,5.114334210873666
rn__woe,1.2608085232551651,-0.3771619484090929,5.006110208787516
rn__woe,1.2863476384769785,-0.40150908032117016,4.895646305944778
rn__woe,1.3118867536987922,-0.42610123631421853,4.78319207051618
rn__woe,1.3374258689206056,-0.4509290803473628,4.669015378884151
rn__woe,1.362964984142419,-0.4759832763797286,4.553405554101847
rn__woe,1.3885040993642326,-0.5012544883704414,4.436677012522431
rn__woe,1.414043214586046,-0.5267333802786263,4.3191734850206105
rn__woe,1.4395823298078594,-0.5524106160634086,4.20127287778103
rn__woe,1.465121445029673,-0.5782768596839141,4.0833928289574795
rn__woe,1.4906605602514862,-0.6043227750992675,3.9659969971388374
rn__woe,1.5161996754732998,-0.6305390262685948,3.849602079083288
rn__woe,1.5417387906951134,-0.6569162771510212,3.734785488792517
rn__woe,1.5672779059169266,-0.6834451917056715,3.62219352622767
rn__woe,1.5928170211387402,-0.7101164338916719,3.512549708070897
rn__woe,1.6183561363605539,-0.7369206676681473,3.4066627106129217
rn__woe,1.643895251582367,-0.7638485569942227,3.305433075512798
rn__woe,1.6694343668041807,-0.7908907658290244,3.2098574542676657
rn__woe,1.6949734820259943,-0.8180379581316771,3.121028743929139
rn__woe,1.7205125972478075,-0.8452807978613057,3.0401300667314484
rn__woe,1.746051712469621,-0.8726099489770368,2.968420305739561
rn__woe,1.7715908276914347,-0.9000160754379949,2.907209034491447
rn__woe,1.797129942913248,-0.9274898412033051,2.8578194213547374
rn__woe,1.8226690581350615,-0.9550219102320936,2.821539253727879
rn__woe,1.8482081733568752,-0.9826029464834856,2.799562615760426
rn__woe,1.8737472885786883,-1.0102236139166054,2.792927591897747
rn__woe,1.899286403800502,-1.0378745764905797,2.8024578417770067
rn__woe,1.9248255190223156,-1.0655464981645333,2.828716938651016
rn__woe,1.9503646342441288,-1.0932300428975912,2.8719831635476
rn__woe,1.9759037494659424,-1.1209163785330152,2.9322349566077945
rn__freq,-0.4354151785373688,-0.2351554938777482,0.6256394367155761
rn__freq,-0.40781847455284814,-0.21954057403167287,0.5859862795203766
rn__freq,-0.38022177056832746,-0.20392565418559747,0.546333122325177
rn__freq,-0.3526250665838068,-0.1883107343395221,0.5066799651299775
rn__freq,-0.32502836259928614,-0.1726958144934467,0.46702680793477785
rn__freq,-0.2974316586147655,-0.15708089464737132,0.42737365073957834
rn__freq,-0.26983495463024487,-0.14146597480129597,0.3877204935443789
rn__freq,-0.2422382506457242,-0.12585105495522061,0.34806733634917936
rn__freq,-0.21464154666120355,-0.11023613510914522,0.30841417915397984
rn__freq,-0.1870448426766829,-0.09462121526306982,0.26876102195878027
rn__freq,-0.15944813869216223,-0.07900629541699444,0.22910786476358072
rn__freq,-0.1318514347076416,-0.06339137557091908,0.18945470756838123
rn__freq,-0.10425473072312097,-0.04777645572484371,0.14980155037318169
rn__freq,-0.07665802673860028,-0.03216153587876831,0.1101483931779821
rn__freq,-0.04906132275407965,-0.016546616032692946,0.07049523598278261
rn__freq,-0.021464618769558963,-0.000931696186617547,0.030842078787583018
rn__freq,0.006132085214961669,0.014683223659457817,0.008811078407616486
rn__freq,0.0337287891994823,0.030298143505533184,0.048464235602816
rn__freq,0.06132549318400299,0.04591306335160858,0.08811739279801557
rn__freq,0.08892219716852368,0.061527983197683975,0.12777054999321516
rn__freq,0.11651890115304431,0.07714290304375936,0.16742370718841468
rn__freq,0.14411560513756494,0.09275782288983471,0.20707686438361414
rn__freq,0.17171230912208557,0.10837274273591006,0.24673002157881363
rn__freq,0.1993090131066062,0.12398766258198544,0.2863831787740132
rn__freq,0.22690571709112684,0.13960258242806078,0.32603633596921267
rn__freq,0.2545024210756476,0.15521750227413625,0.3656894931644124
rn__freq,0.2820991250601682,0.1708324221202116,0.40534265035961187
rn__freq,0.30969582904468884,0.18644734196628698,0.4449958075548114
rn__freq,0.3372925330292095,0.20206226181236234,0.4846489647500109
rn__freq,0.3648892370137301,0.2176771816584377,0.5243021219452103
rn__freq,0.39248594099825085,0.23329210150451313,0.5639552791404101
rn__freq,0.4200826449827715,0.24890702135058848,0.6036084363356096
rn__freq,0.4476793489672921,0.2645219411966639,0.643261593530809
rn__freq,0.47527605295181274,0.28013686104273927,0.6829147507260086
rn__freq,0.5028727569363334,0.2957517808888146,0.7225679079212081
rn__freq,0.5304694609208541,0.31136670073489003,0.7622210651164076
rn__freq,0.5580661649053748,0.32698162058096536,0.8018742223116071
rn__freq,0.5856628688898953,0.3425965404270407,0.8415273795068066
rn__freq,0.6132595728744161,0.3582114602731162,0.8811805367020062
rn__freq,0.6408562768589368,0.3738263801191915,0.9208336938972057
rn__freq,0.6684529808434574,0.38944129996526694,0.9604868510924054
rn__freq,0.696049684827978,0.40505621981134227,1.0001400082876049
rn__freq,0.7236463888124987,0.42067113965741765,1.0397931654828043
rn__freq,0.7512430927970193,0.43628605950349303,1.079446322678004
rn__freq,0.7788397967815399,0.4519009793495684,1.1190994798732035
rn__freq,0.8064365007660605,0.46751589919564374,1.158752637068403
rn__freq,0.8340332047505812,0.4831308190417191,1.1984057942636024
rn__freq,0.8616299087351018,0.4987457388877945,1.2380589514588018
rn__freq,0.8892266127196224,0.5143606587338698,1.2777121086540013
rn__freq,0.9168233167041433,0.5299755785799454,1.3173652658492012
rn__freq,0.9444200206886639,0.5455904984260207,1.3570184230444007
rn__freq,0.9720167246731846,0.561205418272096,1.3966715802396001
rn__freq,0.9996134286577052,0.5768203381181713,1.4363247374347996
rn__freq,1.0272101326422258,0.5924352579642468,1.4759778946299993
rn__freq,1.0548068366267465,0.6080501778103221,1.5156310518251987
rn__freq,1.082403540611267,0.6236650976563975,1.5552842090203982
rn__freq,1.1100002445957877,0.6392800175024729,1.5949373662155977
rn__freq,1.1375969485803084,0.6548949373485483,1.6345905234107976
rn__freq,1.165193652564829,0.6705098571946236,1.6742436806059968
rn__freq,1.1927903565493498,0.6861247770406992,1.7138968378011965
rn__freq,1.2203870605338705,0.7017396968867745,1.753549994996396
rn__freq,1.247983764518391,0.7173546167328498,1.7932031521915954
rn__freq,1.2755804685029117,0.7329695365789252,1.832856309386795
rn__freq,1.3031771724874324,0.7485844564250006,1.8725094665819948
rn__freq,1.330773876471953,0.764199376271076,1.912162623777194
rn__freq,1.3583705804564736,0.7798142961171514,1.9518157809723935
rn__freq,1.3859672844409943,0.7954292159632267,1.9914689381675932
rn__freq,1.413563988425515,0.811044135809302,2.0311220953627926
rn__freq,1.4411606924100355,0.8266590556553773,2.070775252557992
rn__freq,1.4687573963945562,0.8422739755014528,2.1104284097531916
rn__freq,1.496354100379077,0.8578888953475283,2.1500815669483915
rn__freq,1.5239508043635976,0.8735038151936036,2.189734724143591
rn__freq,1.5515475083481183,0.889118735039679,2.2293878813387904
rn__freq,1.579144212332639,0.9047336548857544,2.26904103853399
rn__freq,1.6067409163171593,0.9203485747318296,2.3086941957291893
rn__freq,1.6343376203016802,0.9359634945779051,2.348347352924389
rn__freq,1.661934324286201,0.9515784144239806,2.388000510119589
rn__freq,1.6895310282707214,0.9671933342700558,2.427653667314788
rn__freq,1.7171277322552423,0.9828082541161314,2.467306824509988
rn__freq,1.7447244362397627,0.9984231739622066,2.506959981705187
rn__freq,1.7723211402242836,1.014038093808282,2.5466131389003865
rn__freq,1.799917844208804,1.0296530136543571,2.586266296095586
rn__freq,1.8275145481933248,1.0452679335004327,2.625919453290786
rn__freq,1.8551112521778452,1.060882853346508,2.665572610485985
rn__freq,1.882707956162366,1.0764977731925833,2.705225767681185
rn__freq,1.9103046601468865,1.0921126930386587,2.7448789248763843
rn__freq,1.9379013641314073,1.1077276128847342,2.7845320820715838
rn__freq,1.9654980681159282,1.1233425327308095,2.8241852392667837
rn__freq,1.9930947721004486,1.1389574525768849,2.863838396461983
rn__freq,2.0206914760849695,1.1545723724229606,2.903491553657183
rn__freq,2.04828818006949,1.1701872922690357,2.9431447108523816
rn__freq,2.0758848840540107,1.1858022121151113,2.982797868047582
rn__freq,2.103481588038531,1.2014171319611866,3.0224510252427814
rn__freq,2.131078292023052,1.217032051807262,3.062104182437981
rn__freq,2.1586749960075724,1.2326469716533373,3.1017573396331803
rn__freq,2.1862716999920933,1.2482618914994126,3.14141049682838
rn__freq,2.2138684039766137,1.263876811345488,3.1810636540235793
rn__freq,2.2414651079611345,1.2794917311915632,3.2207168112187787
rn__freq,2.2690618119456554,1.295106651037639,3.2603699684139786
rn__freq,2.296658515930176,1.3107215708837143,3.3000231256091785
rn__rankgauss,-2.3268749713897705,0.006181146027269158,3.418644126408459
rn__rankgauss,-2.279863487590443,0.006052785449788156,3.3598181284252893
rn__rankgauss,-2.2328520037911157,0.005924424305714271,3.3012116058885104
rn__rankgauss,-2.185840519991788,0.00579606255567422,3.242836458274069
rn__rankgauss,-2.1388290361924605,0.005667700160294609,3.18470540876944
rn__rankgauss,-2.091817552393133,0.0055393370802026,3.1268320714732196
rn__rankgauss,-2.0448060685938056,0.005410973276024467,3.069231024615221
rn__rankgauss,-1.997794584794478,0.005282608708387149,3.0119178903346233
rn__rankgauss,-1.9507831009951504,0.005154243337917586,2.95490942159044
rn__rankgauss,-1.903771617195823,0.005025877125242273,2.8982235968135934
rn__rankgauss,-1.8567601333964954,0.00489751003098815,2.8418797229414183
rn__rankgauss,-1.809748649597168,0.004769142015781602,2.7858985475012172
rn__rankgauss,-1.7627371657978403,0.0046407730402499014,2.7303023804263393
rn__rankgauss,-1.715725681998513,0.00451240306501921,2.675115226292229
rn__rankgauss,-1.6687141981991855,0.004384032050716802,2.620362927645701
rn__rankgauss,-1.621702714399858,0.004255659957969393,2.5660733200616375
rn__rankgauss,-1.5746912306005303,0.004127286747403258,2.5122763994889055
rn__rankgauss,-1.5276797468012029,0.003998912379645669,2.4590045023308917
rn__rankgauss,-1.4806682630018755,0.0038705368153232333,2.406292498532284
rn__rankgauss,-1.4336567792025479,0.0037421600150623346,2.3541779976964925
rn__rankgauss,-1.3866452954032202,0.003613781939490246,2.3027015679174205
rn__rankgauss,-1.3396338116038928,0.003485402549233574,2.251906966551796
rn__rankgauss,-1.2926223278045654,0.003357021804918703,2.2018413815563047
rn__rankgauss,-1.2456108440052378,0.0032286396671727946,2.152555681235884
rn__rankgauss,-1.1985993602059104,0.0031002560925984524,2.1041046692613543
rn__rankgauss,-1.1515878764065828,0.002971870938594967,2.056547340585331
rn__rankgauss,-1.1045763926072554,0.002843483959516502,2.0099471323315394
rn__rankgauss,-1.0575649088079278,0.0027150949049236095,1.9643721619369254
rn__rankgauss,-1.0105534250086003,0.0025867035243768433,1.9198954426630517
rn__rankgauss,-0.9635419412092727,0.0024583095674375333,1.8765950640489402
rn__rankgauss,-0.9165304574099453,0.0023299127836665656,1.8345543220753182
rn__rankgauss,-0.8695189736106177,0.0022015129226244934,1.7938617807661652
rn__rankgauss,-0.8225074898112903,0.0020731097338723137,1.7546112438241714
rn__rankgauss,-0.7754960060119629,0.0019447029669709126,1.7169016119137719
rn__rankgauss,-0.7284845222126353,0.0018162924116457146,1.6808365987095664
rn__rankgauss,-0.6814730384133079,0.0016878781727258652,1.6465242772857929
rn__rankgauss,-0.6344615546139802,0.0015594605037477782,1.6140764283250393
rn__rankgauss,-0.5874500708146528,0.0014310396591251662,1.5836076638607661
rn__rankgauss,-0.5404385870153252,0.0013026158932718523,1.5552343053536057
rn__rankgauss,-0.4934271032159978,0.001174189460601549,1.5290730035579703
rn__rankgauss,-0.4464156194166702,0.0010457606155281907,1.5052391003656358
rn__rankgauss,-0.3994041356173428,0.0009173296085220883,1.483844749636715
rn__rankgauss,-0.35239265181801516,0.000788896645175341,1.4649968344141437
rn__rankgauss,-0.30538116801868753,0.0006604619025775138,1.4487947405223551
rn__rankgauss,-0.25836968421936035,0.0005320255573628696,1.4353280692885715
rn__rankgauss,-0.21135820042003273,0.0004035877861654491,1.4246743920524834
rn__rankgauss,-0.1643467166207051,0.0002751487656197371,1.416897162971476
rn__rankgauss,-0.11733523282137748,0.00014670867125443632,1.4120439112794576
rn__rankgauss,-0.0703237490220503,1.8267650345848985e-05,1.410144827320551
rn__rankgauss,-0.023312265222722672,-0.00011017417975189847,1.4112118374960885
rn__rankgauss,0.023699218576604952,-0.00023861670312375072,1.4152382330223774
rn__rankgauss,0.07071070237593213,-0.0003670598038536532,1.4221988791536426
rn__rankgauss,0.11772218617525976,-0.0004955033660274388,1.432050989812739
rn__rankgauss,0.16473366997458738,-0.0006239472750514397,1.444735412841588
rn__rankgauss,0.211745153773915,-0.0007523914428100298,1.4601783381861477
rn__rankgauss,0.2587566375732422,-0.0008808358056539012,1.4782933188178917
rn__rankgauss,0.3057681213725698,-0.001009280300850901,1.4989834839357736
rn__rankgauss,0.35277960517189744,-0.0011377248656704309,1.522143825612532
rn__rankgauss,0.39979108897122506,-0.001266169437380893,1.5476634515682408
rn__rankgauss,0.44680257277055224,-0.0013946139534783963,1.5754277153257168
rn__rankgauss,0.49381405656987987,-0.0015230583648585538,1.6053201572565037
rn__rankgauss,0.5408255403692075,-0.0016515026430522495,1.6372242129193775
rn__rankgauss,0.5878370241685351,-0.0017799467613500708,1.6710246662744697
rn__rankgauss,0.6348485079678623,-0.0019083906930427164,1.7066088432813462
rn__rankgauss,0.6818599917671899,-0.0020368344114204406,1.7438675552605676
rn__rankgauss,0.7288714755665175,-0.002165277889773942,1.7826958111836742
rn__rankgauss,0.7758829593658447,-0.00229372110146564,1.822993324094701
rn__rankgauss,0.8228944431651724,-0.0024221640308865755,1.864664839788218
rn__rankgauss,0.8699059269645,-0.0025506066852677423,1.9076203163646444
rn__rankgauss,0.9169174107638276,-0.0026790490746745332,1.9517749820901795
rn__rankgauss,0.9639288945631548,-0.002807491209170565,1.9970492967484357
rn__rankgauss,1.0109403783624824,-0.0029359330988206755,2.043368838738984
rn__rankgauss,1.05795186216181,-0.0030643747536889254,2.090664137072836
rn__rankgauss,1.1049633459611377,-0.0031928161838400415,2.1388704643305116
rn__rankgauss,1.1519748297604648,-0.0033212573993385286,2.1879276037579927
rn__rankgauss,1.1989863135597925,-0.0034496984102483363,2.2377796010759687
rn__rankgauss,1.24599779735912,-0.0035781392265256118,2.2883745093114616
rn__rankgauss,1.2930092811584477,-0.003706579855872083,2.33966413304896
rn__rankgauss,1.340020764957775,-0.0038350203038637343,2.3916037768476204
rn__rankgauss,1.3870322487571025,-0.003963460575993616,2.4441520012763047
rn__rankgauss,1.4340437325564301,-0.0040919006777550004,2.497270389006594
rn__rankgauss,1.4810552163557573,-0.004220340614640716,2.5509233225285417
rn__rankgauss,1.528066700155085,-0.004348780392143925,2.605077774415459
rn__rankgauss,1.5750781839544126,-0.004477220015758121,2.6597031105695126
rn__rankgauss,1.6220896677537402,-0.004605659490975911,2.7147709065090235
rn__rankgauss,1.6691011515530674,-0.004734098823290789,2.7702547764869854
rn__rankgauss,1.7161126353523954,-0.0048625380181954725,2.8261302150377765
rn__rankgauss,1.7631241191517226,-0.004990977081183234,2.882374450417948
rn__rankgauss,1.8101356029510498,-0.005119416017747347,2.938966309323457
rn__rankgauss,1.8571470867503779,-0.0052478548333808606,2.9958860922181847
rn__rankgauss,1.904158570549705,-0.005376293533576715,3.0531154585882083
rn__rankgauss,1.9511700543490322,-0.005504732123827849,3.1106373214357115
rn__rankgauss,1.9981815381483603,-0.005633170609627869,3.1684357503401506
rn__rankgauss,2.0451930219476875,-0.005761608996469603,3.2264958824378898
rn__rankgauss,2.0922045057470156,-0.005890047289846212,3.284803840701759
rn__rankgauss,2.1392159895463427,-0.006018485495250636,3.3433466589361616
rn__rankgauss,2.18622747334567,-0.006146923618176259,3.402112212939819
rn__rankgauss,2.233238957144998,-0.006275361664115686,3.461089157325345
rn__rankgauss,2.280250440944325,-0.006403799638562635,3.5202668675217152
rn__rankgauss,2.3272619247436523,-0.006532237547009823,3.5796353865216664
var_81__woe,-1.0887601375579834,0.0025927491654771373,2.0826009524177125
var_81__woe,-1.0461249616410997,0.0024926085371074214,2.0394093164903664
var_81__woe,-1.003489785724216,0.002392467984675961,1.997040207815234
var_81__woe,-0.9608546098073324,0.0022923274759886203,1.9555470904061893
var_81__woe,-0.9182194338904487,0.0021921869788505965,1.9149869071589243
var_81__woe,-0.875584257973565,0.0020920464610673095,1.8754201895505669
var_81__woe,-0.8329490820566814,0.00199190589044429,1.8369111358395342
var_81__woe,-0.7903139061397977,0.0018917652347870684,1.799527647656263
var_81__woe,-0.747678730222914,0.0017916244596022368,1.7633413133309388
var_81__woe,-0.7050435543060303,0.0016914834604734308,1.7284273249399327
var_81__woe,-0.6624083783891466,0.001591342052027378,1.6948643143248674
var_81__woe,-0.619773202472263,0.0014912000443720874,1.6627340928886893
var_81__woe,-0.5771380265553793,0.001391057247774774,1.6321212800299612
var_81__woe,-0.5345028506384956,0.0012909135279107753,1.6031128052034436
var_81__woe,-0.49186767472161197,0.0011907688866420463,1.5757972706284973
var_81__woe,-0.44923249880472826,0.0010906233128517018,1.5502641650444058
var_81__woe,-0.40659732288784456,0.000990476706312693,1.526602924145443
var_81__woe,-0.36396214697096085,0.0008903289047605956,1.5049018402320216
var_81__woe,-0.32132697105407715,0.0007901796428851915,1.4852468325203778
var_81__woe,-0.27869179513719355,0.00069002864187373,1.467720099804211
var_81__woe,-0.23605661922030985,0.0005898756334009603,1.4523986885763744
var_81__woe,-0.19342144330342614,0.0004897203902909375,1.4393530209936982
var_81__woe,-0.15078626738654255,0.0003895626954592002,1.4286454368760597
var_81__woe,-0.10815109146965884,0.00028940232439111924,1.420328811788383
var_81__woe,-0.06551591555277514,0.00018923901489442674,1.414445316751807
var_81__woe,-0.022880739635891434,8.907249286327357e-05,1.4110253834765714
var_81__woe,0.01975443628099227,-1.1097515812852343e-05,1.4100869323240066
var_81__woe,0.06238961219787598,-0.00011127128524524021,1.4116349076796704
var_81__woe,0.10502478811475946,-0.00021144908954451314,1.4156611484323123
var_81__woe,0.14765996403164316,-0.0003116312028211832,1.4221446013948043
var_81__woe,0.19029513994852687,-0.0004118178965734076,1.4310518647927049
var_81__woe,0.23293031586541058,-0.0005120093504440426,1.4423380299323607
var_81__woe,0.2755654917822943,-0.0006122056300871259,1.4559477722996188
var_81__woe,0.318200667699178,-0.0007124067940534884,1.4718166324120345
var_81__woe,0.3608358436160617,-0.0008126129008939609,1.4898724223986153
var_81__woe,0.4034710195329454,-0.000912824009158153,1.5100366929582207
var_81__woe,0.4461061954498291,-0.0010130401773970066,1.5322262002928746
var_81__woe,0.4887413713667126,-0.0011132614641607974,1.5563543209009947
var_81__woe,0.5313765472835963,-0.0012134879280000233,1.5823323726119658
var_81__woe,0.57401172320048,-0.001313719627465404,1.610070811630368
var_81__woe,0.6166468991173637,-0.0014139566211069932,1.6394802864907772
var_81__woe,0.6592820750342474,-0.0015141989674752887,1.670472539853463
var_81__woe,0.7019172509511311,-0.0016144467251206773,1.7029611574709174
var_81__woe,0.7445524268680148,-0.0017146999525937678,1.7368621701930367
var_81__woe,0.7871876027848983,-0.001814958708444947,1.772094519558207
var_81__woe,0.829822778701782,-0.0019152230512247126,1.8085804005049604
var_81__woe,0.8724579546186657,-0.0020154930394833404,1.8462454962954304
var_81__woe,0.9150931305355496,-0.002115768731771328,1.8850191211662903
var_81__woe,0.9577283064524331,-0.0022160501866393956,1.9248342858105536
var_81__woe,1.0003634823693166,-0.0023163374626374855,1.965627699809952
var_81__woe,1.0429986582862005,-0.0024166306183164288,2.007339723804932
var_81__woe,1.085633834203084,-0.00251692971222639,2.0499142826826717
var_81__woe,1.128269010119968,-0.002617234802917978,2.0932987495128503
var_81__woe,1.1709041860368514,-0.00271754594894158,2.1374438084566876
var_81__woe,1.2135393619537354,-0.002817863203393167,2.182303303496522
var_81__woe,1.2561745378706188,-0.0029181865187443146,2.2278340788637476
var_81__woe,1.2988097137875023,-0.0030185157589623923,2.273995814821136
var_81__woe,1.3414448897043862,-0.003118850784998073,2.3207508625020643
var_81__woe,1.3840800656212697,-0.0032191914578012515,2.3680640810977636
var_81__woe,1.4267152415381537,-0.0033195376383222674,2.4159026790800193
var_81__woe,1.4693504174550371,-0.003419889187511238,2.4642360609092724
var_81__woe,1.511985593371921,-0.0035202459663180585,2.513035680242023
var_81__woe,1.5546207692888045,-0.0036206078356934013,2.562274900293349
var_81__woe,1.5972559452056885,-0.0037209746565870505,2.6119288617284275
var_81__woe,1.639891121122572,-0.0038213462899494566,2.6619743582381505
var_81__woe,1.6825262970394554,-0.003921722596730626,2.7123897197873235
var_81__woe,1.7251614729563394,-0.004022103437880786,2.7631547033995347
var_81__woe,1.7677966488732229,-0.0041224886743499445,2.8142503912525356
var_81__woe,1.8104318247901068,-0.004222878167088662,2.8656590957948054
var_81__woe,1.8530670007069903,-0.004323271777046833,2.9173642715521946
var_81__woe,1.8957021766238742,-0.004423669365174576,2.9693504332684
var_81__woe,1.9383373525407577,-0.00452407079242223,3.0216030800106664
var_81__woe,1.9809725284576416,-0.004624475919740023,3.07410862486944
var_81__woe,2.023607704374525,-0.004724884608077962,3.126854329885226
var_81__woe,2.0662428802914086,-0.004825296718386274,3.1798282458456084
var_81__woe,2.1088780562082925,-0.004925712111614966,3.2330191566088113
var_81__woe,2.151513232125176,-0.0050261306487144886,3.2864165276259865
var_81__woe,2.19414840804206,-0.005126552190634959,3.3400104583517654
var_81__woe,2.2367835839589434,-0.005226976598326383,3.3937916382507285
var_81__woe,2.2794187598758273,-0.005327403732739211,3.4477513061258174
var_81__woe,2.322053935792711,-0.005427833454823339,3.5018812125129335
var_81__woe,2.3646891117095943,-0.005528265625529216,3.5561735849037497
var_81__woe,2.407324287626478,-0.005628700105806739,3.610621095575891
var_81__woe,2.4499594635433617,-0.005729136756606246,3.6652168318259806
var_81__woe,2.4925946394602456,-0.005829575438877743,3.7199542684165827
var_81__woe,2.535229815377129,-0.005930016013571793,3.774827242062579
var_81__woe,2.577864991294013,-0.0060304583416381785,3.829829927796246
var_81__woe,2.6205001672108965,-0.006130902284027129,3.88495681706297
var_81__woe,2.66313534312778,-0.006231347701688983,3.940202697411412
var_81__woe,2.705770519044664,-0.006331794455573747,3.9955626336528844
var_81__woe,2.7484056949615474,-0.006432242406631761,4.051031950374815
var_81__woe,2.7910408708784313,-0.006532691415813363,4.106606215702589
var_81__woe,2.833676046795315,-0.006633141344068005,4.1622812262126
var_81__woe,2.8763112227121987,-0.006733592052346693,4.218052992907328
var_81__woe,2.9189463986290827,-0.006834043401598988,4.273917728170516
var_81__woe,2.961581574545966,-0.006934495252775452,4.329871833627202
var_81__woe,3.0042167504628496,-0.007034947466826202,4.385911888839518
var_81__woe,3.046851926379733,-0.007135399904701134,4.4420346407747795
var_81__woe,3.0894871022966166,-0.0072358524273509195,4.4982369939875255
var_81__woe,3.132122278213501,-0.007336304895725232,4.554516001461937
