nu,eta,M,test_metric,fit_seconds
1.0,1.0,5,0.042385335790124185,18.46374225616455
1.0,1.0,10,0.04268860918263409,18.46374225616455
1.0,1.0,15,0.042939446112788784,18.46374225616455
1.0,1.0,20,0.043296611771636156,18.46374225616455
1.0,1.0,25,0.043511944933494195,18.46374225616455
1.0,1.0,30,0.0436906881942357,18.46374225616455
1.0,1.0,35,0.043916786383449695,18.46374225616455
1.0,1.0,40,0.04417398118406666,18.46374225616455
1.0,1.0,45,0.0443030620264994,18.46374225616455
1.0,1.0,50,0.044498930403983776,18.46374225616455
1.0,1.0,55,0.04474543782271178,18.46374225616455
1.0,1.0,60,0.044834894473276335,18.46374225616455
1.0,1.0,65,0.04488552276779153,18.46374225616455
1.0,1.0,70,0.04504489719800954,18.46374225616455
1.0,1.0,75,0.045056180786778866,18.46374225616455
1.0,1.0,80,0.045233598821724424,18.46374225616455
1.0,1.0,85,0.04531032080805299,18.46374225616455
1.0,1.0,90,0.04563008518148437,18.46374225616455
1.0,1.0,95,0.04580882481536253,18.46374225616455
1.0,1.0,100,0.045805845311562544,18.46374225616455
1.0,1.0,105,0.0458904359522222,18.46374225616455
1.0,1.0,110,0.04605816117815292,18.46374225616455
1.0,1.0,115,0.04615830788205448,18.46374225616455
1.0,1.0,120,0.04616295108965707,18.46374225616455
1.0,1.0,125,0.046243784219235765,18.46374225616455
1.0,1.0,130,0.04635019268877112,18.46374225616455
1.0,1.0,135,0.04654995243138318,18.46374225616455
1.0,1.0,140,0.04650428488611092,18.46374225616455
1.0,1.0,145,0.046580904453393045,18.46374225616455
1.0,1.0,150,0.04688456438347064,18.46374225616455
1.0,1.0,155,0.04685926696078713,18.46374225616455
1.0,1.0,160,0.04693876403744954,18.46374225616455
1.0,1.0,165,0.04708697144022459,18.46374225616455
1.0,1.0,170,0.04724058919973344,18.46374225616455
1.0,1.0,175,0.04727145223893573,18.46374225616455
1.0,1.0,180,0.04739102588664634,18.46374225616455
1.0,1.0,185,0.04739722835846234,18.46374225616455
1.0,1.0,190,0.04744752145994533,18.46374225616455
1.0,1.0,195,0.04749695221721713,18.46374225616455
1.0,1.0,200,0.047450764469328124,18.46374225616455
0.1,1.0,5,0.04205903829260339,18.26201033592224
0.1,1.0,10,0.042043820968124916,18.26201033592224
0.1,1.0,15,0.04202744620772934,18.26201033592224
0.1,1.0,20,0.04200933396627453,18.26201033592224
0.1,1.0,25,0.04201244984662975,18.26201033592224
0.1,1.0,30,0.041997587324709325,18.26201033592224
0.1,1.0,35,0.04196884490903169,18.26201033592224
0.1,1.0,40,0.04196449347105187,18.26201033592224
0.1,1.0,45,0.04196612252111009,18.26201033592224
0.1,1.0,50,0.04196078750542604,18.26201033592224
0.1,1.0,55,0.04196689780818743,18.26201033592224
0.1,1.0,60,0.04197263664926433,18.26201033592224
0.1,1.0,65,0.041936005327240185,18.26201033592224
0.1,1.0,70,0.041937800834446724,18.26201033592224
0.1,1.0,75,0.04193116843566785,18.26201033592224
0.1,1.0,80,0.04195538054561119,18.26201033592224
0.1,1.0,85,0.041956460313205025,18.26201033592224
0.1,1.0,90,0.041960286704861995,18.26201033592224
0.1,1.0,95,0.041977517274703044,18.26201033592224
0.1,1.0,100,0.04198314748886856,18.26201033592224
0.1,1.0,105,0.04200231763172861,18.26201033592224
0.1,1.0,110,0.04200441697306132,18.26201033592224
0.1,1.0,115,0.04201929016190256,18.26201033592224
0.1,1.0,120,0.04202421125487177,18.26201033592224
0.1,1.0,125,0.04203120952507815,18.26201033592224
0.1,1.0,130,0.042038500325424444,18.26201033592224
0.1,1.0,135,0.042039309165449144,18.26201033592224
0.1,1.0,140,0.04201223953485589,18.26201033592224
0.1,1.0,145,0.042023447724437404,18.26201033592224
0.1,1.0,150,0.042033611286228637,18.26201033592224
0.1,1.0,155,0.042037758364405105,18.26201033592224
0.1,1.0,160,0.042037867621215176,18.26201033592224
0.1,1.0,165,0.042028451691041954,18.26201033592224
0.1,1.0,170,0.0420149124741624,18.26201033592224
0.1,1.0,175,0.04201714275660982,18.26201033592224
0.1,1.0,180,0.0420195507235634,18.26201033592224
0.1,1.0,185,0.04203109909160425,18.26201033592224
0.1,1.0,190,0.04203816445630281,18.26201033592224
0.1,1.0,195,0.042055470047494985,18.26201033592224
0.1,1.0,200,0.04205681256432005,18.26201033592224
0.1,0.5,5,0.04204969254135389,10.733810901641846
0.1,0.5,10,0.04203062035342974,10.733810901641846
0.1,0.5,15,0.04205261912627461,10.733810901641846
0.1,0.5,20,0.0420527538508797,10.733810901641846
0.1,0.5,25,0.04204083799195372,10.733810901641846
0.1,0.5,30,0.04202700508394354,10.733810901641846
0.1,0.5,35,0.042028955949746545,10.733810901641846
0.1,0.5,40,0.04202072408393036,10.733810901641846
0.1,0.5,45,0.04201987305156996,10.733810901641846
0.1,0.5,50,0.041995275426717146,10.733810901641846
0.1,0.5,55,0.04197387126853103,10.733810901641846
0.1,0.5,60,0.04198611985288374,10.733810901641846
0.1,0.5,65,0.041993969547938374,10.733810901641846
0.1,0.5,70,0.04201626724213429,10.733810901641846
0.1,0.5,75,0.04201607649427272,10.733810901641846
0.1,0.5,80,0.042043193347149295,10.733810901641846
0.1,0.5,85,0.04202502905784892,10.733810901641846
0.1,0.5,90,0.0420387348352685,10.733810901641846
0.1,0.5,95,0.04204030497174572,10.733810901641846
0.1,0.5,100,0.04206150732300543,10.733810901641846
0.1,0.5,105,0.042059620293520825,10.733810901641846
0.1,0.5,110,0.042068875732061556,10.733810901641846
0.1,0.5,115,0.042052297305800554,10.733810901641846
0.1,0.5,120,0.0420717007357772,10.733810901641846
0.1,0.5,125,0.04210288989505251,10.733810901641846
0.1,0.5,130,0.04210695459486567,10.733810901641846
0.1,0.5,135,0.042120497995104325,10.733810901641846
0.1,0.5,140,0.042114531814190434,10.733810901641846
0.1,0.5,145,0.04210017838003894,10.733810901641846
0.1,0.5,150,0.04214949149221694,10.733810901641846
0.1,0.5,155,0.042171792151864236,10.733810901641846
0.1,0.5,160,0.04217580502606697,10.733810901641846
0.1,0.5,165,0.04216544530117039,10.733810901641846
0.1,0.5,170,0.04218426403851249,10.733810901641846
0.1,0.5,175,0.04217904357888369,10.733810901641846
0.1,0.5,180,0.042184960830522526,10.733810901641846
0.1,0.5,185,0.04220271061168501,10.733810901641846
0.1,0.5,190,0.0422102960425433,10.733810901641846
0.1,0.5,195,0.04222689676870305,10.733810901641846
0.1,0.5,200,0.042258505340793326,10.733810901641846
0.05,0.5,5,0.04207160955780243,10.684769868850708
0.05,0.5,10,0.04205983994172539,10.684769868850708
0.05,0.5,15,0.042051301385975515,10.684769868850708
0.05,0.5,20,0.04205526937301847,10.684769868850708
0.05,0.5,25,0.042041589975023615,10.684769868850708
0.05,0.5,30,0.04203433464637222,10.684769868850708
0.05,0.5,35,0.04202405589149896,10.684769868850708
0.05,0.5,40,0.04201332720147012,10.684769868850708
0.05,0.5,45,0.04200767699590143,10.684769868850708
0.05,0.5,50,0.04197632092580057,10.684769868850708
0.05,0.5,55,0.041966556987221446,10.684769868850708
0.05,0.5,60,0.041948672293804314,10.684769868850708
0.05,0.5,65,0.04194120117579663,10.684769868850708
0.05,0.5,70,0.041934322732073225,10.684769868850708
0.05,0.5,75,0.04193319290764858,10.684769868850708
0.05,0.5,80,0.04194068649849999,10.684769868850708
0.05,0.5,85,0.04194926132211818,10.684769868850708
0.05,0.5,90,0.04195534567571592,10.684769868850708
0.05,0.5,95,0.04196229526618341,10.684769868850708
0.05,0.5,100,0.04197306102618797,10.684769868850708
0.05,0.5,105,0.0419747924747013,10.684769868850708
0.05,0.5,110,0.04197789872866215,10.684769868850708
0.05,0.5,115,0.04197300987580413,10.684769868850708
0.05,0.5,120,0.041979182373669585,10.684769868850708
0.05,0.5,125,0.041991922850164294,10.684769868850708
0.05,0.5,130,0.04198593796255201,10.684769868850708
0.05,0.5,135,0.04199476702043687,10.684769868850708
0.05,0.5,140,0.04199203410896807,10.684769868850708
0.05,0.5,145,0.041988658780184866,10.684769868850708
0.05,0.5,150,0.042010058196773864,10.684769868850708
0.05,0.5,155,0.04201256792802901,10.684769868850708
0.05,0.5,160,0.042027409784707585,10.684769868850708
0.05,0.5,165,0.04202657092318828,10.684769868850708
0.05,0.5,170,0.04203140837127622,10.684769868850708
0.05,0.5,175,0.04204366874940914,10.684769868850708
0.05,0.5,180,0.042051505605400906,10.684769868850708
0.05,0.5,185,0.04205698478735334,10.684769868850708
0.05,0.5,190,0.04204225614324995,10.684769868850708
0.05,0.5,195,0.0420426805457643,10.684769868850708
0.05,0.5,200,0.04205016321452803,10.684769868850708
