alpha,gamma,complexity,cv_threshold,cv_error,cv_error_se,cv_auc,cv_auc_se,cv_logloss,cv_logloss_se,is_cv_best,is_one_se_choice
0.0,0.5,0.5,-2.081753508505579,0.16614996510415025,0.0007631015834095623,0.8903545458899661,0.0013579717052874672,0.2204400524427314,0.0016827769005069715,False,False
0.0,0.75,0.75,-2.1853106080346714,0.1727624682389159,0.0008295131089274473,0.8911046148084036,0.0013806839052454595,0.2126563863292968,0.0015093137620145216,False,False
0.0,1.0,1.0,-2.4027474800447566,0.1943187096784178,0.0007022138928426641,0.8910050010440749,0.0014784634060106031,0.2102341316716329,0.0014613672242611828,True,True
0.25,0.5,0.75,-2.370407225437724,0.1885624760744628,0.0009176629023895691,0.8900416131085771,0.001507598894543631,0.24914050812400124,0.0024995610656806154,False,False
0.25,0.75,1.0,-2.5004788549048063,0.19564370499169906,0.0008324963651494085,0.8859970305849675,0.001534983828144421,0.24795641529674403,0.002453880562520324,False,False
0.25,1.0,1.25,-2.0766534923164786,0.19970621945202624,0.0005671497625594699,0.8742593025525357,0.0015181853215535184,0.29735907141464185,0.002534708568794353,False,False
0.5,0.5,1.0,-2.9727540998222564,0.20919996673085922,0.001010139422287896,0.8824048704546665,0.0016356510842512083,0.29229188299668374,0.003337387265095777,False,False
0.5,0.75,1.25,-3.0025788480542133,0.1988999565610838,0.00079594660128805,0.8736198191997365,0.0016403224706771882,0.30341273034812555,0.003381619742456377,False,False
0.5,1.0,1.5,-3.1756804343619156,0.22874996597944325,0.0008437143238974959,0.8546427036449984,0.0015389196996287023,0.4010783236916213,0.0035854567835730323,False,False
0.75,0.5,1.25,-3.4939388907759152,0.20676868625947242,0.0010574205379880925,0.8745722726572994,0.0017299652195308813,0.3359179203211746,0.004119222981083524,False,False
0.75,0.75,1.5,-4.349051203175883,0.2230999769098144,0.0007357043157638681,0.8627211656422389,0.001702743307962005,0.36209283671117787,0.004180718814210347,False,False
0.75,1.0,1.75,-4.605555662983463,0.22452496792751453,0.000681798437058867,0.8391790000377487,0.0015330602361032434,0.48921418614506296,0.004310860246459422,False,False
1.0,0.5,1.5,-4.116195813116791,0.20039372023356922,0.0008809436421664251,0.8677092035408751,0.0018012691218843007,0.3800969438534523,0.004822616693748307,False,False
1.0,0.75,1.75,-5.49480187101895,0.2189562374502685,0.0008651906526721228,0.8535120399407401,0.0017372252333818306,0.4300708091725828,0.004856486223466597,False,False
1.0,1.0,2.0,-7.147460277294002,0.22974999879560545,0.0007275889596817326,0.8254661632074418,0.0015221881098853632,0.6118148498500211,0.00487581112731183,False,False
