x,fhat,se
-2.6679106081355153,0.034645076727878955,0.002167587886700266
-2.6394241480623584,0.03434778747216451,0.0020829586402356056
-2.610937687989201,0.03401435938825527,0.00200005400048221
-2.582451227916044,0.033647374655234825,0.0019193939962694182
-2.553964767842887,0.03324959059242442,0.0018414622048339225
-2.52547830776973,0.03282391720299078,0.0017666961737111116
-2.496991847696573,0.03237339309557046,0.0016954777300495594
-2.4685053876234155,0.0319011600152825,0.0016281236016120527
-2.4400189275502586,0.03141043623580566,0.0015648769305944682
-2.4115324674771017,0.030904489081719565,0.0015059003766784533
-2.3830460074039443,0.030386606864749182,0.0014512715808620326
-2.3545595473307874,0.029860070528648523,0.0014009817386047316
-2.3260730872576305,0.02932812530499142,0.0013549378527915699
-2.297586627184473,0.02879395268593256,0.0013129689704244009
-2.2691001671113162,0.02826064301994386,0.0012748362858559627
-2.2406137070381593,0.027731169032547895,0.0012402465624252327
-2.212127246965002,0.02720836056615911,0.001208867941638127
-2.183640786891845,0.026694880821346526,0.0011803469326264332
-2.155154326818688,0.02619320436625945,0.0011543252636196668
-2.1266678667455308,0.025705597161772065,0.0011304554282305706
-2.098181406672374,0.025234098827323144,0.0011084139057486483
-2.069694946599217,0.024780507346726755,0.0010879114398359832
-2.0412084865260596,0.024346366384730735,0.0010687000388575811
-2.0127220264529027,0.023932955354170497,0.001050576697426235
-1.9842355663797455,0.023541282340614134,0.0010333840536768976
-1.9557491063065884,0.023172079956863163,0.0010170083491870313
-1.9272626462334315,0.022825804164034773,0.0010013751873894135
-1.898776186160274,0.022502636059692854,0.000986443601654835
-1.8702897260871172,0.022202486597127685,0.0009721989520790076
-1.84180326601396,0.0219250041639111,0.0009586451568433398
-1.813316805940803,0.021669584912790047,0.000945796797548947
-1.784830345867646,0.02143538570431854,0.0009336715042049189
-1.7563438857944889,0.021221339488847822,0.0009222830786882308
-1.7278574257213317,0.021026172926050555,0.0009116357220292039
-1.6993709656481748,0.02084842601346256,0.0009017195877058469
-1.6708845055750177,0.020686473471969162,0.0008925079417045348
-1.6423980455018605,0.02053854761607092,0.0008839558777137095
-1.6139115854287034,0.020402762420418257,0.0008760006757063333
-1.5854251253555465,0.020277138481729698,0.0008685635176730933
-1.5569386652823893,0.02015962856696815,0.0008615523941672816
-1.5284522052092322,0.020048143434644648,0.0008548658686759443
-1.4999657451360753,0.01994057761638525,0.0008483972849920985
-1.4714792850629181,0.019834834850406876,0.0008420392066392936
-1.442992824989761,0.019728852867206065,0.0008356876437327987
-1.4145063649166039,0.019620627240416588,0.0008292458903251639
-1.386019904843447,0.01950823403221941,0.0008226277948401136
-1.3575334447702898,0.019389850982618265,0.0008157602175959857
-1.3290469846971327,0.019263777015000892,0.0008085847877429152
-1.3005605246239758,0.019128449856316638,0.000801058857951651
-1.2720740645508186,0.01898246159850468,0.0007931556917181612
-1.2435876044776615,0.018824572058055627,0.0007848639852385468
-1.2151011444045043,0.018653719822314015,0.000776186833932428
-1.1866146843313474,0.018469030903837346,0.0007671402686508608
-1.1581282242581903,0.018269824957322222,0.0007577513575487463
-1.1296417641850331,0.01805561904678802,0.0007480562578742392
-1.101155304111876,0.017826128983378594,0.0007380980175274197
-1.072668844038719,0.017581268285824923,0.0007279245042077176
-1.044182383965562,0.017321144845848145,0.0007175863891089412
-1.0156959238924048,0.017046055409148265,0.0007071353339692316
-0.9872094638192479,0.016756478008725314,0.0006966224641248447
-0.9587230037460908,0.01645306251077385,0.0006860970760127214
-0.9302365436729336,0.016136619453972358,0.0006756057126252186
-0.9017500835997765,0.015808107380415125,0.0006651915397397893
-0.8732636235266196,0.015468618870505652,0.0006548939093260288
-0.8447771634534624,0.015119365504718586,0.0006447483628574655
-0.8162907033803053,0.014761661982162055,0.000634786549761122
-0.7878042433071484,0.014396909629317129,0.0006250365082054459
-0.7593177832339912,0.01402657953223981,0.0006155228718944138
-0.7308313231608341,0.013652195521978095,0.0006062670265869006
-0.702344863087677,0.013275317236136697,0.0005972874012839723
-0.67385840301452,0.012897523469614055,0.0005885994925543866
-0.6453719429413627,0.012520396014789908,0.0005802159551604874
-0.6168854828682058,0.012145504176142028,0.0005721463764493782
-0.5883990227950489,0.011774390126740508,0.0005643973109427332
-0.5599125627218915,0.011408555254658455,0.0005569721340773925
-0.5314261026487346,0.011049447626416421,0.0005498707255273519
-0.5029396425755777,0.01069845067253542,0.0005430898245959229
-0.4744531825024203,0.010356873177498583,0.000536622973954743
-0.4459667224292634,0.010025940633310788,0.0005304607734980037
-0.41748026235610647,0.00970678799278539,0.0005245917881024735
-0.3889938022829491,0.009400453836051913,0.0005190029279776143
-0.3605073422097922,0.009107875941924951,0.0005136806805396061
-0.3320208821366353,0.008829888235031684,0.0005086123163991327
-0.3035344220634779,0.00856721906026734,0.0005037866969605804
-0.275047961990321,0.008320490718499812,0.0004991959318847182
-0.24656150191716364,0.008090220181707962,0.0004948361575314741
-0.21807504184400672,0.007876820892103642,0.0004907087476964302
-0.1895885817708498,0.0076806055383984466,0.00048682061588666123
-0.16110212169769245,0.007501789693343893,0.0004831847505754272
-0.13261566162453553,0.007340496190049353,0.000479820042625934
-0.10412920155137861,0.007196760110390782,0.0004767508134954888
-0.07564274147822125,0.007070534257032499,0.0004740055933753111
-0.04715628140506434,0.006961694981132771,0.00047161592599577164
-0.01866982133190742,0.006870048240585233,0.00046961446535492444
0.009816638741249939,0.006795335768523994,0.0004680333636925034
0.038303098814406855,0.006737241238621322,0.00046690179932717393
0.06678955888756377,0.0066953963222360375,0.00046624449806162524
0.09527601896072113,0.006669386542506747,0.00046607953102347004
0.12376247903387805,0.006658756841791883,0.00046641744510449645
0.1522489391070354,0.006663016791182436,0.00046725984144749375
0.18073539918019232,0.006681645383896945,0.00046859984744058547
0.20922185925334924,0.006714095367943377,0.0004704218396747177
0.2377083193265066,0.0067597970872381435,0.0004727026175967243
0.2661947793996635,0.006818161814146556,0.0004754129867676519
0.29468123947282043,0.0068885845699037255,0.00047851945233860977
0.3231676995459778,0.006970446442350488,0.0004819864076086089
0.3516541596191347,0.007063116422657682,0.0004857781676990826
0.3801406196922916,0.007165952794006783,0.0004898612299888443
0.408627079765449,0.0072783041153731114,0.0004942063068109479
0.4371135398386059,0.007399509852456962,0.0004987896771647646
0.46559999991176326,0.007528900715302803,0.0005035945151565805
0.4940864599849202,0.007665798768133262,0.000508611826599136
0.5225729200580771,0.007809517381328549,0.0005138404997498547
0.5510593801312345,0.007959361098256061,0.0005192873860750261
0.5795458402043914,0.008114625490783511,0.0005249666202864357
0.6080323002775483,0.008274597076798462,0.0005308988102706683
0.6365187603507056,0.008438553370947814,0.0005371096255431979
0.6650052204238626,0.008605763136162025,0.0005436286441992476
0.6934916804970195,0.008775486898428716,0.000550487641069942
0.7219781405701768,0.008946977780837568,0.0005577190412042021
0.7504646006433338,0.009119482705262041,0.0005653546225244138
0.7789510607164907,0.009292244001320933,0.0005734238466637566
0.807437520789648,0.009464501452637018,0.0005819529533923512
0.835923980862805,0.00963549480005764,0.0005909639107147992
0.8644104409359623,0.00980446671060808,0.0006004737515505897
0.8928969010091192,0.00997066620970876,0.0006104941441570893
0.9213833610822761,0.010133352562798426,0.000621031126907693
0.9498698211554335,0.010291799581169414,0.0006320852294339962
0.9783562812285904,0.01044530031573587,0.0006436515221003255
1.0068427413017473,0.010593172091818088,0.00065571996936557
1.0353292013749047,0.010734761828023933,0.000668275723906258
1.0638156614480616,0.010869451573119948,0.0006812996283629202
1.0923021215212185,0.010996664186580511,0.0006947687456589582
1.1207885815943759,0.011115869081431652,0.0007086567292601455
1.1492750416675328,0.011226587942207378,0.000722934592284814
1.1777615017406902,0.011328400326423583,0.0007375711841494219
1.206247961813847,0.011420949055048014,0.0007525339991634203
1.234734421887004,0.011503945296075221,0.0007677899609788094
1.2632208819601614,0.011577173245555222,0.0007833063408455163
1.2917073420333183,0.011640494312298714,0.0007990517526563543
1.3201938021064752,0.011693850715989844,0.0008149973490762347
1.3486802621796325,0.011737268413555326,0.0008311178989003262
1.37716672225279,0.011770859275312724,0.0008473931506924716
1.4056531823259464,0.011794822440576372,0.0008638089935610678
1.4341396423991037,0.011809444791932862,0.0008803586281296793
1.462626102472261,0.011815100498185536,0.000897043542924868
1.4911125625454176,0.011812249587861933,0.0009138742708062138
1.519599022618575,0.011801435528011134,0.0009308708245992568
1.5480854826917323,0.011783281796606144,0.0009480626828655271
1.5765719427648888,0.011758487451008383,0.0009654883251741563
1.6050584028380461,0.011727821709435385,0.000983194191732287
1.6335448629112035,0.011692117576976642,0.0010012331081806515
1.66203132298436,0.01165226456219997,0.0010196620999860537
1.6905177830575173,0.011609200544551826,0.001038539730785845
1.7190042431306747,0.011563902866351705,0.001057922958812881
1.7474907032038312,0.011517378735992062,0.0010778637132653492
1.7759771632769885,0.011470655040766475,0.0010984053105088688
1.8044636233501459,0.011424767678360401,0.0011195789401714333
1.8329500834233023,0.011380750525266445,0.001141400408782158
1.8614365434964597,0.01133962416806502,0.0011638673656036663
1.889923003569617,0.011302384529499318,0.001186957219257906
1.9184094636427735,0.01126999152545468,0.0012106259020584847
1.946895923715931,0.01124335789123678,0.001234807607830782
1.9753823837890883,0.011223338315870867,0.0012594155988230806
2.0038688438622447,0.011210719021487993,0.0012843440651513413
2.032355303935402,0.011206207921223916,0.0013094710512436955
2.0608417640085595,0.011210425483469117,0.0013346623357646365
2.089328224081717,0.011223896422838475,0.0013597761777676676
2.1178146841548733,0.011247042328974156,0.0013846687813653799
2.1463011442280306,0.011280175333380764,0.0014092003265233244
2.174787604301188,0.011323492902071448,0.0014332414005951482
2.2032740643743445,0.011377073828055988,0.0014566796647391149
2.231760524447502,0.01144087548282605,0.001479426564204126
2.260246984520659,0.01151473237020912,0.0015014239193858298
2.2887334445938157,0.011598356009504509,0.0015226501788983293
2.317219904666973,0.011691336157926398,0.0015431261390280557
2.3457063647401304,0.011793143365313823,0.0015629198804524333
2.374192824813287,0.011903132837078672,0.0015821506573641894
2.402679284886444,0.012020549564703905,0.0016009914437106639
2.4311657449596016,0.012144534667021794,0.0016196698065406292
2.459652205032758,0.01227413287023367,0.00163846677165171
2.4881386651059154,0.012408301040398965,0.0016577133530085559
2.5166251251790728,0.012545917669130114,0.0016777844700671593
2.5451115852522292,0.012685793201662222,0.0016990900780682742
2.5735980453253866,0.012826681086483573,0.0017220635017259173
2.602084505398544,0.012967289417447882,0.0017471471831756497
2.6305709654717004,0.013106293032845884,0.0017747763313005452
2.659057425544858,0.013242345931368879,0.0018053612370304692
2.687543885618015,0.013374093862290437,0.0018392692757563077
2.7160303456911716,0.013500186946543567,0.0018768077767924774
2.744516805764329,0.013619292186654081,0.0019182089694305862
2.7730032658374864,0.013730105726664584,0.001963618078300717
2.801489725910643,0.013831364728167109,0.0020130853593737694
2.8299761859838,0.013921858735253395,0.0020665624754638043
2.8584626460569575,0.01400044040946128,0.0021239031886550437
2.886949106130115,0.01406603552549374,0.0021848679602382115
2.9154355662032714,0.014117652129443294,0.002249131764863935
2.9439220262764287,0.014154388773284867,0.0023162942679020183
2.972408486349586,0.01417544175230491,0.002385891488654968
3.0008949464227426,0.014180111285710874,0.0024574081449732594
