trees,eval_auc,eval_log_loss,oob_auc,oob_log_loss
1,0.6199195152287783,0.593164462980343,0.6258373129793149,0.579183309620536
7,0.7016024692482224,0.31877126235664693,0.6626096366243542,0.42419776177316404
14,0.7356074058130879,0.29318796393267427,0.7024474215844052,0.3327276357498494
21,0.7470493401242143,0.29029086611853405,0.7215973910326079,0.3052591422991519
28,0.7565227019207487,0.2879547753783522,0.7320355421336895,0.29794407614059204
35,0.761643629134011,0.28640870339145735,0.7411849866841446,0.2928723414936936
42,0.7657623771118888,0.28574010522233717,0.7493609910425637,0.2897265067337241
49,0.769615360470643,0.2852229848813554,0.75618169574584,0.2878021377085839
55,0.7735159434626733,0.2842738809043674,0.7580350332827248,0.2871499158367893
62,0.7736032094570123,0.2841442122334844,0.7625844512844339,0.2860994612514557
69,0.7745636527820606,0.28403337603918294,0.7654736462213667,0.2853332160852101
76,0.7755522074847319,0.28387303091930643,0.7677102397960172,0.2847878767887421
83,0.778392836324177,0.28331753217848554,0.7696019900497513,0.2842895122716415
90,0.7796588830918514,0.28312410682258077,0.7716178695184445,0.2838530255856597
97,0.7804541073999494,0.2829454823015851,0.7728060918310061,0.283549187418994
103,0.7800288150243758,0.28300859714846704,0.7745633699208239,0.28324598743182144
110,0.7807793715606678,0.28292507883209794,0.7753820392202412,0.28306591575474455
117,0.780721596643467,0.2830058019535908,0.7771892068285587,0.28273647896453874
124,0.7812194957060302,0.28297409000511436,0.7786821036562601,0.28257021287248996
131,0.7828616830540477,0.2827144515227568,0.77918915704966,0.2825698204725856
138,0.7840737490781883,0.28258888680512106,0.7792465687128559,0.2826426463890592
145,0.7843767655842234,0.2825375580904069,0.7806923415164312,0.2823917235283557
151,0.7854643137271133,0.2823710050684383,0.7816862878492473,0.28224082701639064
158,0.7856621281451113,0.2823493723333943,0.7823540441206972,0.28214935444470085
165,0.7855814157234696,0.28237251212358905,0.7835431790464022,0.28192179781418947
172,0.7862650568332723,0.2822092803917991,0.7842110735925708,0.28179408331685324
179,0.7868524639018868,0.28204327380241034,0.7852601085733091,0.28160685672517655
186,0.7873814062035429,0.28196544922383204,0.7865495756348884,0.2813306761887967
193,0.7872427464022611,0.28201419400945177,0.7867055218626158,0.2813387065719882
200,0.7870639028525978,0.28206277300084104,0.7872788365012071,0.2812775627135434
