frac,max_depth,lr,gamma,lam,alpha,subsample,colsample,min_child_weight,k,M,complexity,cv_mse,cv_se,val_mse_tuning_fit,is_cv_min,is_one_se,is_one_se_plain
1.0,2,0.02,0.0,50,0,0.8,1.0,1,239,20,1.6,0.025654040064295884,0.0019903483381117273,0.02568691354221487,False,False,True
1.0,2,0.02,0.0,50,0,0.8,1.0,1,239,50,4.0,0.02559920072946347,0.0019854510171428115,0.025662077400509797,False,False,False
1.0,2,0.02,0.0,50,0,0.8,1.0,1,239,100,8.0,0.02553787256062944,0.001980426425749409,0.02563832262519712,False,False,False
1.0,2,0.02,0.0,50,0,0.8,1.0,1,239,200,16.0,0.025477743940906294,0.001976546665413309,0.025617849865274683,False,False,False
1.0,2,0.02,0.0,50,0,0.8,1.0,1,239,300,24.0,0.0254440345075296,0.001974182536732835,0.02560395907506382,False,False,False
1.0,2,0.02,0.0,50,0,0.8,1.0,1,239,500,40.0,0.025410397192808236,0.001973110931767965,0.025590300377707834,False,False,False
1.0,2,0.02,0.0,50,0,0.8,1.0,1,239,800,64.0,0.025397762379740296,0.001977770328659338,0.025596561009935105,False,False,False
1.0,2,0.02,0.0,50,0,0.8,1.0,1,239,1200,96.0,0.02540118392557645,0.001982887535714385,0.02561654243533117,False,False,False
1.0,2,0.02,0.1,10,1,0.5,0.6,10,239,20,1.6,0.02566224864340071,0.001991794133288689,0.025683220343682228,False,False,False
1.0,2,0.02,0.1,10,1,0.5,0.6,10,239,50,4.0,0.02560126581129294,0.0019880633355051176,0.025658106764576,False,False,False
1.0,2,0.02,0.1,10,1,0.5,0.6,10,239,100,8.0,0.0255450652818728,0.0019830857289847336,0.025626662406895904,False,False,False
1.0,2,0.02,0.1,10,1,0.5,0.6,10,239,200,16.0,0.025492607400427348,0.0019797502663785513,0.025601378608471233,False,False,False
1.0,2,0.02,0.1,10,1,0.5,0.6,10,239,300,24.0,0.025468737009358578,0.001977134587349381,0.025588358494118415,False,False,False
1.0,2,0.02,0.1,10,1,0.5,0.6,10,239,500,40.0,0.025452584336139606,0.001976136572865536,0.025588035048147117,False,False,False
1.0,2,0.02,0.1,10,1,0.5,0.6,10,239,800,64.0,0.025441126879193206,0.0019752961341769695,0.025586557529442243,False,False,False
1.0,2,0.02,0.1,10,1,0.5,0.6,10,239,1200,96.0,0.025432874573469866,0.001974322370283889,0.02558119637784014,False,False,False
1.0,3,0.05,0.0,1,0,0.5,0.3,1,239,20,8.0,0.025585410623421328,0.0019833368642445635,0.025641828988294785,False,False,False
1.0,3,0.05,0.0,1,0,0.5,0.3,1,239,50,20.0,0.025494155511484727,0.001973320052783396,0.025595702853863558,False,False,False
1.0,3,0.05,0.0,1,0,0.5,0.3,1,239,100,40.0,0.025426543268016556,0.001976922050620504,0.025579022518163318,False,False,False
1.0,3,0.05,0.0,1,0,0.5,0.3,1,239,200,80.0,0.025383733622757493,0.001982928675182591,0.025595134742547564,False,True,False
1.0,3,0.05,0.0,1,0,0.5,0.3,1,239,300,120.0,0.02539956366649008,0.001980252067609889,0.02560867213717247,False,False,False
1.0,3,0.05,0.0,1,0,0.5,0.3,1,239,500,200.0,0.025406490949151133,0.0019910241501557868,0.025675295135393964,False,False,False
1.0,3,0.05,0.0,1,0,0.5,0.3,1,239,800,320.0,0.025478264407545737,0.0019995366760648023,0.025780242739857878,False,False,False
1.0,3,0.05,0.0,1,0,0.5,0.3,1,239,1200,480.0,0.025576889672689545,0.002011852042459257,0.02589201315961938,False,False,False
1.0,3,0.05,0.0,10,0,1.0,0.6,50,239,20,8.0,0.025566638473864717,0.0019809724183589518,0.02563523581636808,False,False,False
1.0,3,0.05,0.0,10,0,1.0,0.6,50,239,50,20.0,0.0254938383395082,0.001975240365784645,0.025605620491252295,False,False,False
1.0,3,0.05,0.0,10,0,1.0,0.6,50,239,100,40.0,0.025438599254335226,0.001977004864426626,0.025588512347051718,False,False,False
1.0,3,0.05,0.0,10,0,1.0,0.6,50,239,200,80.0,0.025409847448605534,0.001977835405372151,0.025595362451046964,False,False,False
1.0,3,0.05,0.0,10,0,1.0,0.6,50,239,300,120.0,0.025405163344969568,0.0019818372369343074,0.025613650598870028,False,False,False
1.0,3,0.05,0.0,10,0,1.0,0.6,50,239,500,200.0,0.025417447318617233,0.001998139777496716,0.025651320003462656,False,False,False
1.0,3,0.05,0.0,10,0,1.0,0.6,50,239,800,320.0,0.025471962899108008,0.002004423358504148,0.02570292076463524,False,False,False
1.0,3,0.05,0.0,10,0,1.0,0.6,50,239,1200,480.0,0.025563249310612334,0.0020108645448448,0.025772036124991366,False,False,False
1.0,3,0.1,0.1,50,0,0.5,0.3,10,239,20,16.0,0.02555532463176786,0.0019820429258307743,0.025613121844262496,False,False,False
1.0,3,0.1,0.1,50,0,0.5,0.3,10,239,50,40.0,0.02547399771412235,0.001975369992812368,0.025600018231920887,False,False,False
1.0,3,0.1,0.1,50,0,0.5,0.3,10,239,100,80.0,0.025447455692909682,0.001970757006205414,0.025589616220276463,False,False,False
1.0,3,0.1,0.1,50,0,0.5,0.3,10,239,200,160.0,0.02541790042656214,0.00197145643240539,0.02558583053720326,False,False,False
1.0,3,0.1,0.1,50,0,0.5,0.3,10,239,300,240.0,0.025422339871949105,0.0019705341720320925,0.02557424792538659,False,False,False
1.0,3,0.1,0.1,50,0,0.5,0.3,10,239,500,400.0,0.025414569392333546,0.0019693250208250353,0.02558028408950887,False,False,False
1.0,3,0.1,0.1,50,0,0.5,0.3,10,239,800,640.0,0.02540442683547563,0.001966537180709621,0.025589625371496165,False,False,False
1.0,3,0.1,0.1,50,0,0.5,0.3,10,239,1200,960.0,0.025406489784196257,0.00196821343983901,0.025593812605291796,False,False,False
1.0,4,0.02,1.0,50,0,0.8,0.6,50,239,20,6.4,0.02571191520898055,0.001994927628721378,0.025714418889628464,False,False,False
1.0,4,0.02,1.0,50,0,0.8,0.6,50,239,50,16.0,0.025712130173909248,0.0019948635580227803,0.025713176972614854,False,False,False
1.0,4,0.02,1.0,50,0,0.8,0.6,50,239,100,32.0,0.025711696810451334,0.001994956844032948,0.025713161609282713,False,False,False
1.0,4,0.02,1.0,50,0,0.8,0.6,50,239,200,64.0,0.025711492116839447,0.0019949648165330284,0.025710984337232998,False,False,False
1.0,4,0.02,1.0,50,0,0.8,0.6,50,239,300,96.0,0.025711304263968542,0.001995070812678287,0.025710995607424614,False,False,False
1.0,4,0.02,1.0,50,0,0.8,0.6,50,239,500,160.0,0.025711259821096004,0.0019949720899615545,0.025711040150504846,False,False,False
1.0,4,0.02,1.0,50,0,0.8,0.6,50,239,800,256.0,0.02571120210280465,0.001994956771693775,0.02571098337121164,False,False,False
1.0,4,0.02,1.0,50,0,0.8,0.6,50,239,1200,384.0,0.02571079988070126,0.0019950481737660234,0.02571100916896218,False,False,False
1.0,4,0.05,1.0,50,1,1.0,1.0,10,239,20,16.0,0.025712275103537952,0.001994725176012202,0.02571570281150451,False,False,False
1.0,4,0.05,1.0,50,1,1.0,1.0,10,239,50,40.0,0.025712275103537952,0.001994725176012202,0.02571570281150451,False,False,False
1.0,4,0.05,1.0,50,1,1.0,1.0,10,239,100,80.0,0.025712275103537952,0.001994725176012202,0.02571570281150451,False,False,False
1.0,4,0.05,1.0,50,1,1.0,1.0,10,239,200,160.0,0.025712275103537952,0.001994725176012202,0.02571570281150451,False,False,False
1.0,4,0.05,1.0,50,1,1.0,1.0,10,239,300,240.0,0.025712275103537952,0.001994725176012202,0.02571570281150451,False,False,False
1.0,4,0.05,1.0,50,1,1.0,1.0,10,239,500,400.0,0.025712275103537952,0.001994725176012202,0.02571570281150451,False,False,False
1.0,4,0.05,1.0,50,1,1.0,1.0,10,239,800,640.0,0.025712275103537952,0.001994725176012202,0.02571570281150451,False,False,False
1.0,4,0.05,1.0,50,1,1.0,1.0,10,239,1200,960.0,0.025712275103537952,0.001994725176012202,0.02571570281150451,False,False,False
1.0,4,0.1,1.0,1,1,0.8,1.0,50,239,20,32.0,0.025712668100030468,0.0019947085488808665,0.02571581283618226,False,False,False
1.0,4,0.1,1.0,1,1,0.8,1.0,50,239,50,80.0,0.025712100961187017,0.001994785380649199,0.02570998673562439,False,False,False
1.0,4,0.1,1.0,1,1,0.8,1.0,50,239,100,160.0,0.025711384468592207,0.0019947063162523717,0.02570985395402614,False,False,False
1.0,4,0.1,1.0,1,1,0.8,1.0,50,239,200,320.0,0.025710039469271157,0.0019951587648457574,0.025709878730314186,False,False,False
1.0,4,0.1,1.0,1,1,0.8,1.0,50,239,300,480.0,0.025710166686142018,0.001995163286337875,0.025709835788419386,False,False,False
1.0,4,0.1,1.0,1,1,0.8,1.0,50,239,500,800.0,0.025709627941979563,0.001995114107729818,0.025710002999702712,False,False,False
1.0,4,0.1,1.0,1,1,0.8,1.0,50,239,800,1280.0,0.02570727690112226,0.0019927213474639624,0.025709893071910912,False,False,False
1.0,4,0.1,1.0,1,1,0.8,1.0,50,239,1200,1920.0,0.025707162261513216,0.001992793811569484,0.025709936071996585,False,False,False
1.0,6,0.1,0.0,50,1,0.8,1.0,1,239,20,128.0,0.025444652159874504,0.001984100142068663,0.0256095276734847,False,False,False
1.0,6,0.1,0.0,50,1,0.8,1.0,1,239,50,320.0,0.025418058301976344,0.0019862400700479082,0.025623469531100687,False,False,False
1.0,6,0.1,0.0,50,1,0.8,1.0,1,239,100,640.0,0.025464916244276787,0.001996260642510254,0.0256670190083345,False,False,False
1.0,6,0.1,0.0,50,1,0.8,1.0,1,239,200,1280.0,0.025600835593097348,0.002007121747584302,0.02577715620853389,False,False,False
1.0,6,0.1,0.0,50,1,0.8,1.0,1,239,300,1920.0,0.02573086662237319,0.002003519582194429,0.02585478758818744,False,False,False
1.0,6,0.1,0.0,50,1,0.8,1.0,1,239,500,3200.0,0.02595719890117861,0.0020056980540873715,0.026078520876175952,False,False,False
1.0,6,0.1,0.0,50,1,0.8,1.0,1,239,800,5120.0,0.026252269110077286,0.0019962444964611273,0.02632498189455121,False,False,False
1.0,6,0.1,0.0,50,1,0.8,1.0,1,239,1200,7680.0,0.026522632826830067,0.0019930994661274152,0.02657750809166263,False,False,False
0.5,2,0.1,1.0,1,0,0.8,0.3,10,120,20,500008.0,0.02571087941328623,0.0019954719130218144,0.025715682889483314,False,False,False
0.5,2,0.1,1.0,1,0,0.8,0.3,10,120,50,500020.0,0.025710079982357692,0.001995270537828657,0.025709527955274935,False,False,False
0.5,2,0.1,1.0,1,0,0.8,0.3,10,120,100,500040.0,0.02571029667417913,0.0019952828241531664,0.025709550237032367,False,False,False
0.5,2,0.1,1.0,1,0,0.8,0.3,10,120,200,500080.0,0.025709686665352484,0.0019953136515305824,0.025709591925422763,False,False,False
0.5,2,0.1,1.0,1,0,0.8,0.3,10,120,300,500120.0,0.025710805042900343,0.0019953522330305716,0.025709616667302697,False,False,False
0.5,2,0.1,1.0,1,0,0.8,0.3,10,120,500,500200.0,0.025707964619094616,0.00199260681123859,0.02570975382895573,False,False,False
0.5,2,0.1,1.0,1,0,0.8,0.3,10,120,800,500320.0,0.025707085323038364,0.001992605943861586,0.025709629634158446,False,False,False
0.5,2,0.1,1.0,1,0,0.8,0.3,10,120,1200,500480.0,0.025707029607886917,0.001992719041678413,0.025710937234326055,False,False,False
0.5,3,0.02,0.1,50,1,1.0,1.0,50,120,20,500003.2,0.0256348902783937,0.0019913660775284473,0.025675444389404778,False,False,False
0.5,3,0.02,0.1,50,1,1.0,1.0,50,120,50,500008.0,0.025567362482956425,0.0019868498008986392,0.025648442571187063,False,False,False
0.5,3,0.02,0.1,50,1,1.0,1.0,50,120,100,500016.0,0.02551111500803287,0.0019826883631469737,0.025627404359533906,False,False,False
0.5,3,0.02,0.1,50,1,1.0,1.0,50,120,200,500032.0,0.025499112554104697,0.0019819279089320465,0.025622807371373034,False,False,False
0.5,3,0.02,0.1,50,1,1.0,1.0,50,120,300,500048.0,0.025499113394551444,0.0019819274280568084,0.025622807371373034,False,False,False
0.5,3,0.02,0.1,50,1,1.0,1.0,50,120,500,500080.0,0.025499113508348305,0.0019819273629461064,0.025622807371373034,False,False,False
0.5,3,0.02,0.1,50,1,1.0,1.0,50,120,800,500128.0,0.025499113521350515,0.0019819273555066836,0.025622807371373034,False,False,False
0.5,3,0.02,0.1,50,1,1.0,1.0,50,120,1200,500192.0,0.02549911353961824,0.0019819273450545133,0.025622807371373034,False,False,False
0.5,3,0.1,0.0,10,0,1.0,1.0,10,120,20,500016.0,0.0255189314677423,0.0019781925509027047,0.025599005816520908,False,False,False
0.5,3,0.1,0.0,10,0,1.0,1.0,10,120,50,500040.0,0.025458453987844354,0.0019832953547503983,0.025593125241904102,False,False,False
0.5,3,0.1,0.0,10,0,1.0,1.0,10,120,100,500080.0,0.02540758455536784,0.001982540105803113,0.02559758368379369,False,False,False
0.5,3,0.1,0.0,10,0,1.0,1.0,10,120,200,500160.0,0.025392537064740338,0.0019776992074943614,0.025638753330326235,False,False,False
0.5,3,0.1,0.0,10,0,1.0,1.0,10,120,300,500240.0,0.025423255226688635,0.0019875302361329525,0.02569144278321822,False,False,False
0.5,3,0.1,0.0,10,0,1.0,1.0,10,120,500,500400.0,0.02552339998564946,0.002007780787197374,0.025770233885242515,False,False,False
0.5,3,0.1,0.0,10,0,1.0,1.0,10,120,800,500640.0,0.0256891944004612,0.0020140084345927362,0.02587948044595105,False,False,False
0.5,3,0.1,0.0,10,0,1.0,1.0,10,120,1200,500960.0,0.025852203149306762,0.002011143016142973,0.026034874309462618,False,False,False
0.5,4,0.1,0.0,50,1,1.0,1.0,50,120,20,500032.0,0.025477761508741103,0.0019804223363417786,0.025612444543280096,False,False,False
0.5,4,0.1,0.0,50,1,1.0,1.0,50,120,50,500080.0,0.025420409760474532,0.001981714392354077,0.025603363400697833,False,False,False
0.5,4,0.1,0.0,50,1,1.0,1.0,50,120,100,500160.0,0.025405605156664318,0.0019862718179861996,0.025614442099135295,False,False,False
0.5,4,0.1,0.0,50,1,1.0,1.0,50,120,200,500320.0,0.025448958342086513,0.001998414656262453,0.02565233540165472,False,False,False
0.5,4,0.1,0.0,50,1,1.0,1.0,50,120,300,500480.0,0.025503457514736982,0.0020011691180968293,0.02568629851947633,False,False,False
0.5,4,0.1,0.0,50,1,1.0,1.0,50,120,500,500800.0,0.02561989539204923,0.00200203976753336,0.025781737552406973,False,False,False
0.5,4,0.1,0.0,50,1,1.0,1.0,50,120,800,501280.0,0.02581755863319841,0.0020083030840498087,0.025945695479306148,False,False,False
0.5,4,0.1,0.0,50,1,1.0,1.0,50,120,1200,501920.0,0.026019981943496823,0.0020061762913364456,0.026105126043711818,False,False,False
0.5,6,0.02,1.0,50,0,0.5,1.0,50,120,20,500025.6,0.025712006690893956,0.0019947194844698334,0.025715734827998354,False,False,False
0.5,6,0.02,1.0,50,0,0.5,1.0,50,120,50,500064.0,0.025712210437362704,0.0019947255067840615,0.025715771403014617,False,False,False
0.5,6,0.02,1.0,50,0,0.5,1.0,50,120,100,500128.0,0.025711695904059258,0.0019948223381360966,0.025715692699615673,False,False,False
0.5,6,0.02,1.0,50,0,0.5,1.0,50,120,200,500256.0,0.025712377596275194,0.001994528790928495,0.02571574315198508,False,False,False
0.5,6,0.02,1.0,50,0,0.5,1.0,50,120,300,500384.0,0.025712644731134725,0.0019945511399399036,0.025714204489177623,False,False,False
0.5,6,0.02,1.0,50,0,0.5,1.0,50,120,500,500640.0,0.02571226445737156,0.001994633065704749,0.025714300135452547,False,False,False
0.5,6,0.02,1.0,50,0,0.5,1.0,50,120,800,501024.0,0.025712708518511956,0.0019948352885325632,0.02571415356925436,False,False,False
0.5,6,0.02,1.0,50,0,0.5,1.0,50,120,1200,501536.0,0.02571233422650477,0.001994631997937578,0.025714313033089853,False,False,False
0.5,6,0.05,0.0,1,1,1.0,0.3,50,120,20,500064.0,0.025527242639281234,0.00198851228495951,0.02562834855446935,False,False,False
0.5,6,0.05,0.0,1,1,1.0,0.3,50,120,50,500160.0,0.02542340310532315,0.0019835222167430455,0.025582174856831386,False,False,False
0.5,6,0.05,0.0,1,1,1.0,0.3,50,120,100,500320.0,0.025398001743458153,0.0019828465173176734,0.025606460769025535,False,False,False
0.5,6,0.05,0.0,1,1,1.0,0.3,50,120,200,500640.0,0.025409016257733546,0.001987810560605767,0.02563482365679162,False,False,False
0.5,6,0.05,0.0,1,1,1.0,0.3,50,120,300,500960.0,0.02545394671528616,0.0019983680225081736,0.025673938867451156,False,False,False
0.5,6,0.05,0.0,1,1,1.0,0.3,50,120,500,501600.0,0.02554399188058089,0.001999758866310842,0.025750450169661026,False,False,False
0.5,6,0.05,0.0,1,1,1.0,0.3,50,120,800,502560.0,0.025685942493610454,0.00200422017173875,0.02587821762687476,False,False,False
0.5,6,0.05,0.0,1,1,1.0,0.3,50,120,1200,503840.0,0.025860667604089088,0.0019906427398635657,0.02602129465568362,False,False,False
0.5,6,0.05,0.0,10,1,1.0,0.6,1,120,20,500064.0,0.025481555109331522,0.001980793653922193,0.025611774239667203,False,False,False
0.5,6,0.05,0.0,10,1,1.0,0.6,1,120,50,500160.0,0.025403312272462487,0.0019754878036459347,0.025601787642709494,False,False,False
0.5,6,0.05,0.0,10,1,1.0,0.6,1,120,100,500320.0,0.025377068500694926,0.001979110606286163,0.02563528035008148,True,False,False
0.5,6,0.05,0.0,10,1,1.0,0.6,1,120,200,500640.0,0.025399516498831876,0.0019914231383165826,0.0256920268287244,False,False,False
0.5,6,0.05,0.0,10,1,1.0,0.6,1,120,300,500960.0,0.025464900566045046,0.001995301512840727,0.02574505234114305,False,False,False
0.5,6,0.05,0.0,10,1,1.0,0.6,1,120,500,501600.0,0.025578738858755896,0.0019933231669583074,0.025862295584008453,False,False,False
0.5,6,0.05,0.0,10,1,1.0,0.6,1,120,800,502560.0,0.025765583868977964,0.001994380399692768,0.026029023059853103,False,False,False
0.5,6,0.05,0.0,10,1,1.0,0.6,1,120,1200,503840.0,0.025960949321070542,0.0019884874755881988,0.026204020699725494,False,False,False
