mean_fit_time,std_fit_time,mean_score_time,std_score_time,param_ridge__alpha,params,split0_test_score,split1_test_score,split2_test_score,split3_test_score,split4_test_score,split5_test_score,split6_test_score,split7_test_score,split8_test_score,split9_test_score,split10_test_score,split11_test_score,split12_test_score,split13_test_score,split14_test_score,mean_test_score,std_test_score,rank_test_score,cv_loss,cv_se,complexity,selected_one_se,cv_minimum
0.12070361773173015,0.04673839174532166,0.00241700808207194,0.00032809701911365235,1.0,{'ridge__alpha': np.float64(1.0)},-0.2796147963849459,-0.26490543135261785,-0.24271802017116922,-0.22261622466574466,-0.6897492194104109,-0.2090080937841708,-0.5155895704554265,-0.31162118111505743,-0.4997959918579147,-0.22842238037982077,-0.38204090890168974,-0.27246238415105306,-0.21552467626564023,-0.2069643479249233,-0.24072400884070622,-0.31878381571075276,0.13766099906866078,13,0.31878381571075276,0.0801851053397092,-1.0,False,False
0.029076194763183592,0.008849908303199356,0.0023598035176595053,0.0004919661973908068,1.7782794100389228,{'ridge__alpha': np.float64(1.7782794100389228)},-0.279452668073881,-0.2647799109336425,-0.24264604948803806,-0.2225548035485475,-0.6894252952438884,-0.20890833006743853,-0.5154886032334309,-0.31155632672795813,-0.49971892143050706,-0.22818100099338837,-0.3819588017816197,-0.27244807998453147,-0.21551733664695377,-0.20683099472475178,-0.24059881656692964,-0.3186710626297005,0.1376245246710536,12,0.31867106262970046,0.08016385964605507,-1.7782794100389228,False,False
0.026218239466349283,0.006376254462548947,0.0024579366048177085,0.0011807929202514616,3.1622776601683795,{'ridge__alpha': np.float64(3.1622776601683795)},-0.2791653832274699,-0.2645580324789447,-0.24251903136826514,-0.22244653143664372,-0.6888535577013257,-0.20873182975321147,-0.5153115430663858,-0.3114418602559088,-0.49958256201460416,-0.22775443530644354,-0.38181378540161026,-0.27242346231662035,-0.21550498977076,-0.20659526358913974,-0.24037784183041122,-0.3184720073011829,0.13756035538549014,11,0.31847200730118286,0.08012648216835774,-3.1622776601683795,False,False
0.023233556747436525,0.00400359186196099,0.0025110880533854166,0.0005271892763986766,5.623413251903491,{'ridge__alpha': np.float64(5.623413251903491)},-0.2786577311981367,-0.26416763859263187,-0.24229617644774212,-0.22225697152839322,-0.6878502583231031,-0.2084208024974985,-0.515004445439188,-0.31124100519353554,-0.4993422497775079,-0.22700423831437724,-0.3815590091043409,-0.2723822508559649,-0.21548523257393487,-0.20618047548169127,-0.23999005458157197,-0.3181225693273078,0.13744840486645346,10,0.31812256932730787,0.08006127296442545,-5.623413251903491,False,False
0.028008667627970378,0.011512535183553003,0.002464580535888672,0.00038892046287747865,10.0,{'ridge__alpha': np.float64(10.0)},-0.27776506126419737,-0.2634863475314484,-0.24190922936783613,-0.22192912417558078,-0.6861076539266873,-0.20787652368965234,-0.5144823334545945,-0.3108921969112758,-0.49892167031297635,-0.22569604778214222,-0.3811155565706711,-0.2723169420012119,-0.21545688553700726,-0.20545655637593002,-0.23931648899612826,-0.317515241193156,0.13725599756497306,9,0.317515241193156,0.07994919910297077,-10.0,False,False
0.037411737442016604,0.009664796214941398,0.003430747985839844,0.000973661633945728,17.78279410038923,{'ridge__alpha': np.float64(17.78279410038923)},-0.2762089192529658,-0.2623144222574026,-0.24124965048691424,-0.2213744013471862,-0.6831355148623398,-0.2069356233799303,-0.513626719958185,-0.310297490513682,-0.4981945564533208,-0.22344852993646175,-0.3803562701972542,-0.272225283429056,-0.2154270391084751,-0.20421117281248818,-0.23816769434013554,-0.3164782192223864,0.1369340813912686,8,0.3164782192223864,0.07976168860636182,-17.78279410038923,False,False
0.03696149190266927,0.009619966939054552,0.004070202509562175,0.001849394689889235,31.622776601683793,{'ridge__alpha': np.float64(31.622776601683793)},-0.27353734926294077,-0.26034869084369683,-0.2401614507993701,-0.22047237097015832,-0.6782263283465036,-0.2053430419555861,-0.512319742457181,-0.3093161289028388,-0.49696414257904276,-0.21968533604759588,-0.37909293247840353,-0.27213571970233896,-0.2154343043423358,-0.20212210009164785,-0.2362708355840843,-0.31476203162424826,0.13642112839871542,7,0.31476203162424826,0.07946290253027298,-31.622776601683793,False,False
0.030226643880208334,0.00387832489216798,0.003177054723103841,0.000693880066863212,56.23413251903491,{'ridge__alpha': np.float64(56.23413251903491)},-0.26907216619834423,-0.2571919705840597,-0.23846716049810235,-0.21910993908975854,-0.6705628759444705,-0.20274217109327167,-0.5105955382641187,-0.3077885767090476,-0.4949578639657815,-0.21365359391151786,-0.37709234870508274,-0.2721882384604281,-0.21561494638183334,-0.19876865641213157,-0.2333147479581918,-0.31207471961174266,0.1356749008135628,5,0.31207471961174266,0.07902823811604033,-56.23413251903491,False,False
0.028186988830566407,0.0047675841731982735,0.003206825256347656,0.0004337008825575466,100.0,{'ridge__alpha': np.float64(100.0)},-0.2619494152568477,-0.25248524793067045,-0.23609313819566755,-0.21733228189433423,-0.6597396329247298,-0.19873784188465402,-0.5090695468185517,-0.3056524557260179,-0.49188686526582465,-0.20465724594639145,-0.3741800215064325,-0.27285310160897985,-0.21636250467730755,-0.19378284884842673,-0.22916953570885923,-0.308263445612913,0.13477206215928453,4,0.308263445612913,0.07850235051470193,-100.0,False,False
0.029952160517374673,0.0053486227372068415,0.0035059293111165363,0.0006636723448596067,177.82794100389228,{'ridge__alpha': np.float64(177.82794100389228)},-0.2514680152428376,-0.24629507036987652,-0.23340335888679148,-0.21571345613653958,-0.6470465640033417,-0.19312466790875737,-0.5098047590255044,-0.30324916253656703,-0.4876582593293662,-0.19268878906432796,-0.3705032075364464,-0.27541641145656837,-0.21863185266123625,-0.18732000165381052,-0.2244613667912544,-0.303785662840215,0.1341109497225659,3,0.303785662840215,0.07811726417406574,-177.82794100389228,False,False
0.024621121088663735,0.0028814154301811273,0.0031438032786051434,0.0005624993017066915,316.22776601683796,{'ridge__alpha': np.float64(316.22776601683796)},-0.23807092405777347,-0.2397702286974675,-0.23183320475011973,-0.2159552272843316,-0.6373409945797568,-0.18633076885895966,-0.5173656922540603,-0.30187929288328574,-0.48278177581107357,-0.1793495003222909,-0.3668980608607504,-0.2827641728138495,-0.22432798183564806,-0.18098997487351765,-0.2215699087963616,-0.3004818472452831,0.1346401797711168,1,0.3004818472452831,0.07842553134834963,-316.22776601683796,False,True
0.025697851181030275,0.002416988042954201,0.0028980414072672525,0.0004504181809346674,562.341325190349,{'ridge__alpha': np.float64(562.341325190349)},-0.22497458879733828,-0.23568822623882232,-0.23476624753364128,-0.22133332051734328,-0.6398987263049238,-0.17995767242101618,-0.5389140870816013,-0.30447117459170625,-0.47873908653763714,-0.16826667924646987,-0.3649906739289054,-0.29999303888471957,-0.23646869545275825,-0.17898528887883797,-0.22566543123370433,-0.3022075291766283,0.13781832881413397,2,0.3022075291766283,0.08027674714311894,-562.341325190349,False,False
0.02676421801249186,0.004987902624508688,0.0030168533325195313,0.0007705321879605233,1000.0,{'ridge__alpha': np.float64(1000.0)},-0.21928213685320963,-0.23845114373092785,-0.24822475688522472,-0.2362743330543536,-0.6660985398138535,-0.17727453389953723,-0.5821444656034027,-0.3160067010729805,-0.4778453827291901,-0.1642145056898417,-0.3667024835646923,-0.33368459944617196,-0.2586769450454378,-0.18835421678601957,-0.24500219101087467,-0.31454912901238125,0.1450676159646051,6,0.31454912901238125,0.08449932912153682,-1000.0,False,False
0.02736072540283203,0.002157183302170027,0.00341184933980306,0.0008413766756912986,1778.2794100389228,{'ridge__alpha': np.float64(1778.2794100389228)},-0.23034118851017352,-0.25397464305668377,-0.28009501969339495,-0.2649326747750421,-0.7243306119140841,-0.18366356822287,-0.6519752055690233,-0.34313595012758347,-0.4827314597902682,-0.17146724913121517,-0.3738847196579304,-0.38914803762664885,-0.2938227016265889,-0.2169681581585069,-0.2897055445706054,-0.3433451154953746,0.15707932455005247,14,0.3433451154953746,0.09149593763629554,-1778.2794100389228,True,False
0.03180301984151204,0.004858965206008015,0.003746668497721354,0.001053148703863383,3162.2776601683795,{'ridge__alpha': np.float64(3162.2776601683795)},-0.2646253451308128,-0.2893942259794294,-0.33628043129457524,-0.3095865622040417,-0.8148565716785502,-0.20600886879698108,-0.7482596914092896,-0.39194639525288877,-0.4961930058317762,-0.19227897758207943,-0.38915911500736394,-0.4670037983413463,-0.34215901663953685,-0.2691169504371258,-0.36791360251456484,-0.3923188372066908,0.1734957350402904,15,0.39231883720669086,0.10105820736675919,-3162.2776601683795,False,False
0.027731863657633464,0.0036269224660429845,0.00310209592183431,0.0006569016573465949,5623.413251903491,{'ridge__alpha': np.float64(5623.413251903491)},-0.32028794475777017,-0.3495180095351677,-0.4150481074464723,-0.3691498055819196,-0.9269883597589088,-0.24874298148628232,-0.8645145397269826,-0.4633681467449315,-0.5205552172618786,-0.22529224056263558,-0.416086993886683,-0.5613203231596107,-0.39992723982496675,-0.3412863973144847,-0.47883996136311663,-0.460061751227454,0.1927617773218308,16,0.460061751227454,0.11228033738380262,-5623.413251903491,False,False
0.024549055099487304,0.0009489859662268556,0.0028767903645833333,0.0006541139204001404,10000.0,{'ridge__alpha': np.float64(10000.0)},-0.38637505490175655,-0.4298109060000835,-0.5048933056128351,-0.4376269560039996,-1.0414293778409947,-0.3079613107508388,-0.9873252886134776,-0.5489622770187401,-0.5549957303503512,-0.2643028749481697,-0.45531132985759754,-0.6601219965947817,-0.4598042400818648,-0.4216443001818072,-0.6075975588064461,-0.5378775005042495,0.2122396631050175,17,0.5378775005042495,0.12362586250628597,-10000.0,False,False
0.024268086751302084,0.001127049350485384,0.0025749842325846354,0.0003616868515756978,17782.794100389227,{'ridge__alpha': np.float64(17782.794100389227)},-0.44838917254709026,-0.5152085874402611,-0.5897008479682825,-0.5045449110903155,-1.1388060628166223,-0.37102708664293355,-1.0998164994114643,-0.6329758931831093,-0.5936827415523732,-0.2997628729406992,-0.5005492683264484,-0.7490937280441903,-0.51369394153066,-0.49524852642034883,-0.7301421841625141,-0.6121761549384875,0.2292704408873276,18,0.6121761549384875,0.1335459903546288,-17782.794100389227,False,False
0.025078201293945314,0.0026073332048860516,0.0032321929931640623,0.0012253193389744797,31622.776601683792,{'ridge__alpha': np.float64(31622.776601683792)},-0.4960701735829187,-0.5895917906977395,-0.657531661366941,-0.5597290263649543,-1.208690568149255,-0.42461133865015854,-1.1894802604354549,-0.7016090866826884,-0.6289286899447804,-0.32386956897477115,-0.5420378512759283,-0.8180690270524151,-0.5562343875575555,-0.5520364466816015,-0.8269909910868696,-0.6716987245669355,0.2424248319611835,19,0.6716987245669355,0.1412081912762622,-31622.776601683792,False,False
0.025867398579915366,0.001872983609920228,0.0030973116556803387,0.0005017493513825093,56234.13251903491,{'ridge__alpha': np.float64(56234.13251903491)},-0.5270363115784058,-0.6450033698828428,-0.7050774686412692,-0.5987680789106139,-1.2518055203282845,-0.46258570308134556,-1.2530141100650094,-0.7500490841790004,-0.6560992230116716,-0.33489869238412623,-0.5735734911606425,-0.8649948756625913,-0.5863435597140927,-0.5903272346205335,-0.8922652676977455,-0.7127894660612116,0.2516996410230235,20,0.7127894660612116,0.14661060406318666,-56234.13251903491,False,False
0.025304222106933595,0.0010126513905078204,0.002743053436279297,0.00037016993999125443,100000.0,{'ridge__alpha': np.float64(100000.0)},-0.5446284264882528,-0.6819692435539583,-0.7354259060708075,-0.6233885899309786,-1.275340110635172,-0.4862264475332001,-1.2942748799653156,-0.780991115728479,-0.674725924030091,-0.3365021758098725,-0.5945460831411111,-0.8939558082346138,-0.6060140588993417,-0.6138949122853294,-0.9312023933234159,-0.7382057383753294,0.25785563789702054,21,0.7382057383753294,0.150196363727521,-100000.0,False,False
0.025130399068196616,0.001459200335616079,0.002671178181966146,0.0005479166141976737,177827.94100389228,{'ridge__alpha': np.float64(177827.94100389228)},-0.5537563490177111,-0.7049288142245239,-0.7536870243233751,-0.6378825211439274,-1.287152486519427,-0.49983653498831504,-1.3195604785680788,-0.7996189144006558,-0.6865645057962934,-0.3337458973536198,-0.607383161942819,-0.9107786655912017,-0.6181942642895251,-0.6276544232577841,-0.9526705220295023,-0.752894304229784,0.26177272500221876,22,0.752894304229784,0.152477997917888,-177827.94100389228,False,False
0.024181906382242838,0.001279544082999561,0.0026639461517333984,0.0003135532620625523,316227.7660168379,{'ridge__alpha': np.float64(316227.7660168379)},-0.5582944299176946,-0.7185859319564647,-0.764314929034847,-0.6461477726939425,-1.2928519565101202,-0.5073926358860159,-1.334510334589798,-0.8104810878743169,-0.6937405589979031,-0.330145549076189,-0.6148959271336846,-0.9202643347866903,-0.6254774455022294,-0.6354827879723589,-0.9640863348104184,-0.7611114677828449,0.2641807373659865,23,0.7611114677828449,0.15388062267257058,-316227.7660168379,False,False
0.024524513880411783,0.0014413055991134027,0.0026239395141601563,0.00039416667998966087,562341.3251903491,{'ridge__alpha': np.float64(562341.3251903491)},-0.5605474243885911,-0.7265100857013034,-0.7703946371002621,-0.6508091200980767,-1.2956049242147312,-0.5115474274410151,-1.3431633899083613,-0.8167109050953061,-0.6979633211326548,-0.3271969753530442,-0.6191988678357986,-0.9255590074285435,-0.6297334497009099,-0.6398911382550576,-0.9701297591759422,-0.7656640288553064,0.2656189180417389,24,0.7656640288553064,0.15471833756468192,-562341.3251903491,False,False
0.02731289863586426,0.008367635399055575,0.002749284108479818,0.0004987143287458028,1000000.0,{'ridge__alpha': np.float64(1000000.0)},-0.5616917616928043,-0.7310442964560212,-0.7738431092335261,-0.6534305075532388,-1.2969708406923914,-0.5138378368292692,-1.348110302698728,-0.8202527415950946,-0.7004028271519745,-0.32517721146627276,-0.6216394987469536,-0.9285116797973372,-0.6321833928600985,-0.6423662389750191,-0.9733658955413189,-0.7681885427526698,0.26645917730428986,25,0.7681885427526698,0.1552077737734567,-1000000.0,False,False
0.027290153503417968,0.004676958311370401,0.0029117107391357423,0.000509343648241483,1778279.410038923,{'ridge__alpha': np.float64(1778279.410038923)},-0.5622903200862266,-0.7336188465100012,-0.7757909824862543,-0.6549040448006447,-1.297672628428496,-0.5151077191635323,-1.3509183768847388,-0.8222567513873752,-0.7017964013349072,-0.3239117735014848,-0.6230177661348906,-0.9301615539308177,-0.6335803297070233,-0.6437555539998817,-0.9751247445695717,-0.7695938528617231,0.26694275670302114,26,0.7695938528617229,0.15548945024892696,-1778279.410038923,False,False
0.02495576540629069,0.0014391031871359393,0.0030388832092285156,0.0005473144573563679,3162277.6601683795,{'ridge__alpha': np.float64(3162277.6601683795)},-0.5626114562260656,-0.7350744568927865,-0.776888943436501,-0.6557324106994202,-1.2980445316703664,-0.5158153819879615,-1.3525058859240748,-0.8233876056750842,-0.7025871874266276,-0.3231560915800294,-0.6237944996046846,-0.9310854667353841,-0.6343722403312922,-0.6445357555507465,-0.9760925894492813,-0.7703789668793538,0.26721841764603915,27,0.7703789668793537,0.1556500178890247,-3162277.6601683795,False,False
