k,nn,complexity,cv_mse,cv_se,val_mse_tuning_fit,is_cv_min,is_one_se,is_one_se_plain
3,5,203.0,0.0279955438872939,0.0019245898278769584,0.027748488210379542,False,False,False
3,10,103.0,0.026816357761237038,0.0019302747483344596,0.02674643398386719,False,False,False
3,20,53.0,0.02621568935389614,0.0019423991926727985,0.02623141801610717,False,False,False
3,50,23.0,0.025817828076451388,0.0019467249299334585,0.02589224175205324,False,False,False
3,100,13.0,0.025680600300880773,0.0019600666909020833,0.025756595147417696,False,False,False
3,200,8.0,0.025622333643028634,0.0019718542193020838,0.025696440125646983,False,False,False
3,400,5.5,0.025577854500067,0.001974308448995839,0.025666777804726357,False,False,True
5,5,205.0,0.02760704792883913,0.0020255705137507533,0.027549101800605703,False,False,False
5,10,105.0,0.026518859473158525,0.002020990511667458,0.026565364621578286,False,False,False
5,20,55.0,0.026043969229220882,0.0020081958330442464,0.026100047914641135,False,False,False
5,50,25.0,0.02575181814023275,0.00199534506075813,0.025769691790429514,False,False,False
5,100,15.0,0.02561573233562169,0.001987207500465523,0.025664809419667037,False,False,False
5,200,10.0,0.025558738551561266,0.0019850233674397763,0.025625223697393916,False,False,False
5,400,7.5,0.02554078010863723,0.0019856753014014642,0.02560181026299171,False,False,False
8,5,208.0,0.027350760591309968,0.0019223597710113078,0.027612043131479073,False,False,False
8,10,108.0,0.026435250955356017,0.0019327504584084768,0.026647732102925672,False,False,False
8,20,58.0,0.025863842462237063,0.0019824594748991016,0.026115465263263284,False,False,False
8,50,28.0,0.02561443451058994,0.0019838966192504905,0.025809434350041464,False,False,False
8,100,18.0,0.025517807578440004,0.0019780088033601434,0.025743383808860355,False,False,False
8,200,13.0,0.025497402315725635,0.001986599603547611,0.025719553708495314,True,False,False
8,400,10.5,0.025498892401113978,0.0019818080750274737,0.025710082504771723,False,True,False
12,5,212.0,0.027221244147026126,0.0020142467704818375,0.0277210586737008,False,False,False
12,10,112.0,0.02630158977360652,0.0019951393995958147,0.02665699357024783,False,False,False
12,20,62.0,0.025867510759452556,0.0020015087055130624,0.02612746509755382,False,False,False
12,50,32.0,0.025604808079199997,0.0019913361976772615,0.025851206816122612,False,False,False
12,100,22.0,0.025529550722588994,0.001983773737274399,0.025762353232625924,False,False,False
12,200,17.0,0.025497618674838473,0.001989465908752419,0.025716669759400877,False,False,False
12,400,14.5,0.025506712950571976,0.0019918623643575624,0.025706690819079236,False,False,False
20,5,220.0,0.027263261066476092,0.0019307440261817695,0.0276825351999659,False,False,False
20,10,120.0,0.0263391151661439,0.001961387134817109,0.02670545046875479,False,False,False
20,20,70.0,0.025894711151886553,0.0019924296799194744,0.026197344006825822,False,False,False
20,50,40.0,0.025599239724325297,0.001986110421442619,0.02583308875801266,False,False,False
20,100,30.0,0.025522337263265905,0.0019947533197134893,0.025709934593401835,False,False,False
20,200,25.0,0.025498950619094712,0.0019921098042033456,0.02566201805572714,False,False,False
20,400,22.5,0.02552029946491154,0.0019984974816881114,0.025637952258654582,False,False,False
40,5,240.0,0.027295341767382075,0.0019721341270471818,0.027764451459604263,False,False,False
40,10,140.0,0.02636865958747973,0.0019817091385777395,0.026725614933103114,False,False,False
40,20,90.0,0.02589670092026348,0.0020005758211409886,0.026176669353023006,False,False,False
40,50,60.0,0.025572567191613695,0.0019775272425797048,0.02585447907701564,False,False,False
40,100,50.0,0.02554352029389494,0.0019901819168573276,0.025766938345699854,False,False,False
40,200,45.0,0.025513853104343044,0.001997160333141067,0.02568530677654352,False,False,False
40,400,42.5,0.02552904973159943,0.0019962976178368747,0.02564255018354896,False,False,False
