epoch,train_obj,train_loss,train_acc,val_loss,val_acc,val_auc,lr,epoch_seconds,passes
1,0.4410238148967071,0.09837677329778671,0.9726,0.12532831728458405,0.9635036496350365,0.9986372114213402,0.040842279473800806,0.7001709938049316,1
2,0.2752843073514531,0.07126499712467194,0.9776,0.11455531418323517,0.9654034596540346,0.9990626734192498,0.03880016550011076,0.657646894454956,2
3,0.22629164764267384,0.03952684998512268,0.9895,0.09430558979511261,0.9727027297270273,0.9991362113840626,0.036860157225105224,0.6554503440856934,3
4,0.19324596497064286,0.029418054968118668,0.9917,0.08707647025585175,0.9748025197480252,0.999227117884859,0.03501714936384996,0.7020564079284668,4
5,0.16982117672361524,0.019167181104421616,0.9946,0.07494241744279861,0.9776022397760225,0.9995017789634811,0.03326629189565746,0.6706421375274658,5
6,0.1518383883871902,0.013836506754159927,0.9967,0.07513374090194702,0.9797020297970203,0.9994447444728708,0.031602977300874587,0.6593551635742188,6
7,0.1364264644709379,0.014609381556510925,0.9956,0.07540851086378098,0.9777022297770223,0.9994622624011017,0.030022828435830855,0.7076797485351562,7
8,0.12301098097568536,0.012076265178620815,0.9974,0.07844727486371994,0.9776022397760225,0.9994101590644899,0.028521687014039312,0.6733095645904541,8
9,0.11320119748913256,0.0092637212947011,0.9985,0.06945130974054337,0.9789021097890211,0.9995209974172002,0.027095602663337347,0.6132237911224365,9
10,0.10555215518406842,0.007019153796136379,0.9998,0.06853430718183517,0.9792020797920208,0.999520987467166,0.025740822530170477,0.6600370407104492,10
11,0.09774903505018333,0.006493688095360994,0.9997,0.06772184371948242,0.9804019598040196,0.9995347201740354,0.024453781403661955,0.801755428314209,11
12,0.09229169700978486,0.006678957492113113,0.9999,0.06790461391210556,0.9807019298070193,0.999531892466034,0.023231092333478854,0.649524450302124,12
13,0.0875698678068367,0.0069794729351997375,0.9999,0.06741971522569656,0.9791020897910209,0.9995276091739205,0.02206953771680491,0.6700208187103271,13
14,0.0831670230431672,0.005521534476429224,1.0,0.06446009129285812,0.981001899810019,0.999560808033296,0.020966060830964663,0.6449792385101318,14
15,0.07926997574061789,0.005661876872181892,1.0,0.06595166772603989,0.9817018298170183,0.9995461706825765,0.01991775778941643,0.6817333698272705,15
16,0.07611082009648525,0.005615199450403452,1.0,0.06368469446897507,0.9805019498050195,0.9995690316508012,0.018921869899945605,0.6424987316131592,16
17,0.07322180182768127,0.005354838911443949,0.9999,0.06451114267110825,0.9806019398060194,0.999576869608588,0.017975776404948324,0.7228913307189941,17
18,0.07078355680602405,0.006083127111196518,1.0,0.06668229401111603,0.981001899810019,0.9995295619609902,0.017076987584700908,0.613412618637085,18
19,0.06857438720605519,0.005476037971675396,1.0,0.06382346153259277,0.9809019098090191,0.9995686601366476,0.01622313820546586,0.6562385559082031,19
20,0.06660685450236209,0.005453118123114109,1.0,0.06475399434566498,0.9807019298070193,0.9995471354559626,0.015411981295192567,0.680518627166748,20
