comp,cv_mse,cv_se,val_mse,train_rss,n_nonzero,cv_fold1,cv_fold2,cv_fold3,cv_fold4,cv_fold5,cv_fold6,cv_fold7,cv_fold8,cv_fold9,cv_fold10,is_cv_min,is_one_se
0.0,0.026399197625231453,0.0020192256762348345,0.034359910560214854,209.2954830454412,0,0.026806952091732884,0.028949769000098758,0.022650162645829267,0.018759207668903634,0.023780515156166762,0.02441877860832775,0.034259461784546606,0.016939211012546595,0.030648670153366944,0.03677924813079533,False,True
1.0,0.026322955633441763,0.0020300221990919307,0.034285685529853394,206.5456187010889,233,0.02674751801992706,0.028918725494284005,0.022565037338932538,0.018597716189500905,0.02368255545516317,0.02445029361215966,0.03417757180566355,0.01678095204498912,0.030536874425148415,0.03677231194864923,False,False
2.0,0.02627805920586107,0.0020285683397794248,0.03425024745852935,204.8190355503579,233,0.026800692040308244,0.028906675887993855,0.022464953863693873,0.01845776145306417,0.023615032849975532,0.024492002246832456,0.03400842830578954,0.01677439571529294,0.030547558180239007,0.03671309151542107,False,False
3.0,0.02627107131581439,0.002024594873403962,0.034299304442233634,204.10569685277002,233,0.026775752598165368,0.028886219495868695,0.02245705658781995,0.018474705331326623,0.02366825945850528,0.02451034803848811,0.03400442133296257,0.01674689583823505,0.030522799026539354,0.03666425545023286,True,False
4.0,0.026277142369215765,0.002028714175833838,0.034299218574709,203.67845888365835,233,0.026812917306808893,0.028910923829844237,0.0223811870710967,0.018470475367264365,0.023628698022474883,0.024538481541323195,0.034004459195817946,0.01676009984322727,0.030586464595794043,0.03667771691850616,False,False
5.0,0.026280248681850006,0.0020300276105877316,0.03429124301077329,203.42109657193316,233,0.026794910622552036,0.028931578604910434,0.02240289876736849,0.018476244470544703,0.023660272253511232,0.024537314652856433,0.03400249074795118,0.016724799315992838,0.030586006329812097,0.036685971053000574,False,False
6.0,0.026280711957682258,0.0020280578833050244,0.03427080209917004,203.30226381229076,233,0.026784972158613606,0.028901884964905193,0.022408238429947148,0.018463099328642898,0.023669887808677518,0.02453018518460378,0.03397105532713728,0.016759978376583825,0.03062628090106488,0.036691537096646416,False,False
7.0,0.026282056810458754,0.0020277115547933044,0.03427912753942408,203.20057624015118,233,0.026763442599725257,0.02892423797730606,0.022440483816469254,0.018465221281585883,0.023652206828969527,0.02450028992833733,0.03395775970855488,0.016773826342582156,0.03064261107344325,0.03670048854761393,False,False
8.0,0.026280009175674558,0.002028144818880169,0.034281520062359724,203.125979166469,233,0.026737698284972595,0.028940913515402227,0.022461774426657973,0.018438859534440303,0.02366316087154779,0.024522186337278408,0.03392545938370493,0.01676119609357458,0.030633223561655754,0.036715619747510975,False,False
9.0,0.026281146640284404,0.002026307803036201,0.034284617591883906,203.05222127992943,233,0.02672982345693611,0.028921126369906458,0.022461403333130736,0.018435578137736143,0.023709264377657007,0.024544134429617392,0.03391143090818063,0.01675967845152402,0.030625536041942698,0.036713490896212786,False,False
10.0,0.026287745135396202,0.0020272015460575023,0.03428490350117194,202.97778504755993,233,0.026727411124300285,0.0289166131149255,0.022477258289683607,0.018430956951201102,0.02372644252636982,0.024574716913333808,0.033932630132815805,0.016750903362425847,0.030619638550195758,0.03672088038871045,False,False
11.0,0.02628870523567455,0.0020259518911403145,0.03429025088248602,202.9261299252476,233,0.02672709276476897,0.028912988527999672,0.02246064905839804,0.018438143381098945,0.023731710197374245,0.024592822848139923,0.03393158737676494,0.016758497597299468,0.03062423327873372,0.036709327326167544,False,False
12.0,0.026291185660679735,0.0020264372143725382,0.034288266009823314,202.87071141537942,233,0.026711303363167335,0.028934792943537294,0.022449841886246394,0.01844457945999708,0.02373277583129763,0.02458627241956477,0.03394609979062865,0.01676592405495152,0.03063601560025105,0.036704251257155575,False,False
13.0,0.026290241381084434,0.002028159171508195,0.03426322259210593,202.81312491312625,233,0.026710443459382848,0.028951348673205687,0.02242964727391999,0.018445612606961065,0.02371971874300531,0.024548710155748697,0.03394686124150782,0.016772278853350073,0.030674591445919115,0.03670320135784372,False,False
14.0,0.026287222862383764,0.002027862104495929,0.03424208155727881,202.7684785103424,233,0.026719677263210784,0.02897156068740598,0.02241787804753606,0.01845891122392192,0.023697554847327367,0.024507673416180566,0.033946134672639836,0.01678129278296132,0.030679001439126722,0.0366925442435271,False,False
15.0,0.026289704016270943,0.002028104492608245,0.03422831407559986,202.73891079200874,233,0.02673557543647073,0.028968150733899113,0.022413077735264877,0.018474130757964415,0.023684458163351893,0.024504830702743584,0.033948868280065596,0.016785802239314494,0.03067579049217327,0.03670635562146144,False,False
16.0,0.02629347549405229,0.0020285095813990426,0.03422475054990165,202.7074840408383,233,0.026757002350806105,0.028958780962659955,0.02241134310924986,0.018466059869866307,0.023690300673450532,0.024531788111507333,0.03395531183343381,0.016784055548183106,0.03066955756430169,0.03671055491706414,False,False
17.0,0.02630408751875817,0.0020302640474701454,0.03421947540294249,202.67719535108003,233,0.026773636704594896,0.028957361422518445,0.02241180039962106,0.01847059437947328,0.023691233961012532,0.02455802188297042,0.03396933517900666,0.016789984153536414,0.03067838023161392,0.03674052687323406,False,False
18.0,0.026308513582528725,0.0020330700888168407,0.0342024385331911,202.63757620945515,233,0.026763320692417773,0.02896408692692397,0.022414831917026708,0.018478892627345884,0.023691384538556487,0.024546980845944248,0.03402278911543552,0.016778081711362993,0.030682953795729658,0.036741813654544014,False,False
19.0,0.026312458076718136,0.00203508531557668,0.0341949584012898,202.60225512465524,233,0.02675796770471171,0.02896159994070577,0.022406905033355344,0.018483019599168593,0.023691408444022746,0.024536543569436364,0.03405495749291758,0.01678389734512155,0.03069577522189,0.03675250641585179,False,False
20.0,0.026311558623772362,0.0020359675868974925,0.03418957781008183,202.57601564002664,233,0.026756983055079085,0.028957709602894916,0.02240747152613275,0.018482444476655258,0.02368084331808655,0.02452680888752629,0.034057489000220674,0.016784933881576196,0.030698506938071544,0.03676239555148036,False,False
21.0,0.026314218638635884,0.002036173643052285,0.0341879212727788,202.55628603132786,233,0.02675931712995013,0.028951014029541006,0.022406189215472088,0.01848137549982963,0.02367946441788441,0.024543535110493245,0.03406543606547182,0.01678662068185652,0.03070930889877189,0.03675992533708809,False,False
22.0,0.02631834056701261,0.0020376384769060603,0.03419234289262552,202.535768638165,233,0.02676103063898593,0.028946946893365934,0.02241057209670472,0.018486882600680023,0.02367900189162446,0.02454577679138458,0.034074621342703545,0.016784115814820394,0.03071216440330102,0.03678229319655549,False,False
23.0,0.026322483696149195,0.0020394406414209684,0.0341981905121475,202.51206778769222,233,0.02678381726349227,0.028948839022364614,0.022418162297824312,0.01849733958853899,0.023677209000029214,0.024523775492203012,0.03408818627290896,0.016773790756635643,0.030715880942879296,0.03679783632461563,False,False
24.0,0.026325374063725572,0.0020396477026150854,0.03419140746734134,202.47825472559563,233,0.02679609312268414,0.028949929617923857,0.02240075827840346,0.01850272432056023,0.023684302629536223,0.024555070246783856,0.03408578558878328,0.01676062460101862,0.030728850288988495,0.03678960194257353,False,False
25.0,0.02633063824054293,0.002040413915244376,0.034189358089124405,202.4524620317806,233,0.026808132503787427,0.02895096624637677,0.022394057999480046,0.018508035265620264,0.023687365720371518,0.024575514074564195,0.03410282983741781,0.016755512781239403,0.03073667700460245,0.03678729097196943,False,False
26.0,0.026329761558512875,0.0020407732425651273,0.03418910347302766,202.43317111708345,233,0.026812187060305005,0.02894830435194456,0.022392228172179215,0.018498543668795994,0.02369365270688444,0.024576533275405776,0.03410036897432487,0.016749054126955727,0.030747243813190255,0.03677949943514296,False,False
27.0,0.026324745859231023,0.0020416135236395057,0.034199218175922044,202.41181796551425,233,0.02681996860383298,0.02894748955488647,0.0223732411358732,0.018507914872641713,0.0236836733473863,0.02454428490513424,0.03409592640038936,0.016741099325612303,0.030755252571468834,0.03677860787508487,False,False
28.0,0.026329137877618914,0.002042479557769394,0.03419782362709041,202.3937667653145,233,0.02683510905803604,0.0289272213968742,0.022361407596316763,0.018518049222357117,0.023690238178532486,0.024556566611906413,0.034102875835809926,0.016740197389041502,0.030764727618220182,0.036794985869094465,False,False
29.0,0.026327843185041673,0.002041143534089607,0.03420208590245221,202.38086797858355,233,0.026826699707738714,0.028908180351946006,0.022353160010587007,0.018526147286109972,0.023697045758121,0.024571566861401863,0.03408883164741637,0.016743246947001425,0.030767876844347536,0.036795676435746875,False,False
30.0,0.026327836453910188,0.002041908486941737,0.03420120768609335,202.37083212562882,233,0.02683038272604894,0.028903144578352753,0.022346715666900375,0.01851869868156366,0.023698645398139352,0.02457105961879229,0.03409964839600811,0.016747430193699515,0.03076176458818057,0.03680087469141628,False,False
31.0,0.026324797166055992,0.002041529356468764,0.03420636276338918,202.3613016100438,233,0.026826031039756133,0.028888727590214974,0.022344151454537803,0.018521038641478905,0.023694461911793443,0.024569299806652737,0.03411005574634917,0.01674632022769934,0.030757389453580624,0.036790495788496774,False,False
32.0,0.026322653223129877,0.0020407357037064877,0.03420330018180575,202.3507786274778,233,0.02682535862761468,0.028871357771911004,0.022347368244750632,0.018525325656729673,0.023695001388099154,0.0245690733785723,0.03410554266524217,0.01674450660135573,0.030754884854708366,0.036788113042315024,False,False
33.0,0.02632323144027345,0.002040264836936314,0.03420848481989188,202.34217779009606,233,0.02683202500119728,0.02886518957234989,0.02234875264820961,0.01852866320847771,0.02369310738584918,0.024581053814270077,0.03410705749850514,0.016743122405855477,0.03074671395956853,0.03678662890845158,False,False
34.0,0.02632374083326559,0.002040453544747769,0.03420699544175984,202.3342758761287,233,0.02683987529388673,0.028859911272963265,0.022346327808006564,0.018531720554898257,0.023691345337730433,0.024583084455221324,0.03411906694265212,0.01674146664723534,0.030740247925112436,0.03678436209494947,False,False
35.0,0.026321494062041383,0.0020406087941759496,0.03420413824021541,202.32554517286752,233,0.026856343313953958,0.028853093356241494,0.022335800609716402,0.01853576758525776,0.02368484466612659,0.024575514385665676,0.03411386218229239,0.016736942738439446,0.03073812077936647,0.0367846510033536,False,False
36.0,0.02631943621369818,0.0020412346918119335,0.03419967715080042,202.31752073405258,233,0.02686541358810033,0.028842413328838717,0.022330556667843695,0.01853219726674715,0.02367890893521759,0.024561202480573203,0.03412496813435707,0.01674103891515904,0.03072924683025792,0.0367884159898871,False,False
37.0,0.026317594213223883,0.002040363887879446,0.034198176923265496,202.30855501129122,233,0.02686586286675679,0.028843151782705162,0.022323043129980857,0.01853359445023586,0.023675287430873687,0.02457924888435546,0.03411571962722406,0.016736186467761736,0.030727421626326752,0.03677642586601845,False,False
38.0,0.02631622277143177,0.0020408373457100515,0.03419952133500828,202.29900034699844,233,0.026844212845331446,0.028838334633959833,0.022317989600991017,0.018527232213933157,0.023677662077055118,0.024595157355571808,0.03412878360453965,0.016734428634699875,0.030725323549716334,0.0367731031985195,False,False
39.0,0.026311221050703687,0.0020413951482430607,0.03419791889015802,202.29117295021345,233,0.026840714035364754,0.028828421701000043,0.022307889981431964,0.01852005856966915,0.02367051793504638,0.024592138473436245,0.034126708757864284,0.016729890235269808,0.030723932087019273,0.03677193873093501,False,False
40.0,0.026306658891474342,0.0020414390586418496,0.034196782349312824,202.28706576797248,233,0.026837512844790745,0.02881889635288264,0.022304174214765132,0.018513441224379267,0.02366592241675966,0.024580347509831967,0.034126382974450774,0.016730361597256552,0.030722606247000524,0.036766943532626196,False,False
41.0,0.026306498153193875,0.0020416092747520802,0.034195912362707054,202.28412630764063,233,0.026839168198171642,0.02881253050372769,0.022305224813070245,0.018508598432559458,0.023666603483702135,0.02458397097471086,0.03412841010248088,0.01673072385222257,0.03072155179830339,0.0367681993729899,False,False
42.0,0.026306920918878807,0.002041994094918542,0.03419804681606499,202.2818086028813,233,0.026844545321284545,0.028803101658741784,0.022304456276092552,0.01850696125601388,0.023666766371062884,0.024586661437764553,0.034133815345867055,0.016730583351334594,0.030719875721446036,0.03677244244918022,False,False
43.0,0.026306818748812834,0.0020420051211298856,0.03420040523770702,202.27905762905937,233,0.026848296288185143,0.02879499126086135,0.022303982751300914,0.018505629246498182,0.023669555536797143,0.024585416077817664,0.03413705957427871,0.016730619764365292,0.030722394505369215,0.0367702424826547,False,False
44.0,0.026308795360441384,0.0020425542433206265,0.034199968257357015,202.2760946610319,233,0.02684498389866636,0.028793996841929535,0.022307452734363402,0.01850558577588151,0.02366634353815886,0.024598670152092175,0.034146952764559556,0.01672861616979437,0.03072108973875731,0.036774261990210735,False,False
45.0,0.026307632099928934,0.002042951654503181,0.03420256617147057,202.27331946761709,233,0.026839134397493743,0.028785532218804054,0.02230765110152035,0.01850543891334595,0.023667327443292877,0.024594828365194537,0.034150859410938116,0.016726860798904168,0.03071935856966976,0.036779329780125776,False,False
46.0,0.026305729471326166,0.002042914476021745,0.03420344021982377,202.27088105490225,233,0.026844848425375108,0.028780657128054336,0.022302874781239327,0.018502803361656807,0.02366505284416009,0.024592835789048265,0.0341507099576264,0.016726366835906385,0.03071465545350934,0.03677649013668561,False,False
47.0,0.02630655318803295,0.00204302209476305,0.034202154973485624,202.2688511025585,233,0.02684792273083968,0.0287795320166259,0.022300890280477603,0.01850338358190287,0.023663504237495515,0.024597596009958544,0.034149394922968625,0.016727209085765832,0.030716625630695344,0.03677947338359959,False,False
48.0,0.0263077055614803,0.0020431163680558837,0.03419973569658633,202.26669141583395,233,0.026853899850444243,0.028775121805118778,0.022302220577346082,0.018501533997146963,0.02366715728107458,0.024601986652715242,0.03414910824216869,0.01672604548126906,0.030719354817838915,0.03678062690968045,False,False
49.0,0.026308493329184696,0.0020435345803373785,0.034197962772347004,202.26478473808064,233,0.026850042012173468,0.02878006628216871,0.022299733155456244,0.018502912876158857,0.023663488210850354,0.024604218907939197,0.034150002020584505,0.016726879937498437,0.030722160013834657,0.03678542987518252,False,False
50.0,0.02630924903197624,0.0020435342384053706,0.03419884533597256,202.2627281594903,233,0.02685128016937704,0.028784979671367467,0.022302773263300713,0.018501625287239018,0.023664662301780864,0.024608145232237477,0.034139956577327824,0.016724519008167977,0.030725094277828692,0.0367894545311353,False,False
